cell_index,cell_id,anio,mes,periodo,anio_mes,fraccion_dentro_loja,categoria_cobertura_territorial,motivo_no_apto_viirs,accion
0,LJ500_R000_C073,2023,1,2023-01-01,2023-01,0.00035438637809107504,parcial_lt_050,sin_observacion_viirs,conservar_nulos_y_excluir_solo_del_subconjunto_analitico
0,LJ500_R000_C073,2023,2,2023-02-01,2023-02,0.00035438637809107504,parcial_lt_050,sin_observacion_viirs,conservar_nulos_y_excluir_solo_del_subconjunto_analitico
0,LJ500_R000_C073,2023,3,2023-03-01,2023-03,0.00035438637809107504,parcial_lt_050,sin_observacion_viirs,conservar_nulos_y_excluir_solo_del_subconjunto_analitico
0,LJ500_R000_C073,2023,4,2023-04-01,2023-04,0.00035438637809107504,parcial_lt_050,sin_observacion_viirs,conservar_nulos_y_excluir_solo_del_subconjunto_analitico
0,LJ500_R000_C073,2023,5,2023-05-01,2023-05,0.00035438637809107504,parcial_lt_050,sin_observacion_viirs,conservar_nulos_y_excluir_solo_del_subconjunto_analitico
0,LJ500_R000_C073,2023,6,2023-06-01,2023-06,0.00035438637809107504,parcial_lt_050,sin_observacion_viirs,conservar_nulos_y_excluir_solo_del_subconjunto_analitico
0,LJ500_R000_C073,2023,7,2023-07-01,2023-07,0.00035438637809107504,parcial_lt_050,sin_observacion_viirs,conservar_nulos_y_excluir_solo_del_subconjunto_analitico
0,LJ500_R000_C073,2023,8,2023-08-01,2023-08,0.00035438637809107504,parcial_lt_050,sin_observacion_viirs,conservar_nulos_y_excluir_solo_del_subconjunto_analitico
0,LJ500_R000_C073,2023,9,2023-09-01,2023-09,0.00035438637809107504,parcial_lt_050,sin_observacion_viirs,conservar_nulos_y_excluir_solo_del_subconjunto_analitico
0,LJ500_R000_C073,2023,10,2023-10-01,2023-10,0.00035438637809107504,parcial_lt_050,sin_observacion_viirs,conservar_nulos_y_excluir_solo_del_subconjunto_analitico
0,LJ500_R000_C073,2023,11,2023-11-01,2023-11,0.00035438637809107504,parcial_lt_050,sin_observacion_viirs,conservar_nulos_y_excluir_solo_del_subconjunto_analitico
0,LJ500_R000_C073,2023,12,2023-12-01,2023-12,0.00035438637809107504,parcial_lt_050,sin_observacion_viirs,conservar_nulos_y_excluir_solo_del_subconjunto_analitico
13,LJ500_R002_C051,2023,1,2023-01-01,2023-01,0.01649918806550166,parcial_lt_050,sin_observacion_viirs,conservar_nulos_y_excluir_solo_del_subconjunto_analitico
13,LJ500_R002_C051,2023,2,2023-02-01,2023-02,0.01649918806550166,parcial_lt_050,sin_observacion_viirs,conservar_nulos_y_excluir_solo_del_subconjunto_analitico
13,LJ500_R002_C051,2023,3,2023-03-01,2023-03,0.01649918806550166,parcial_lt_050,sin_observacion_viirs,conservar_nulos_y_excluir_solo_del_subconjunto_analitico
13,LJ500_R002_C051,2023,4,2023-04-01,2023-04,0.01649918806550166,parcial_lt_050,sin_observacion_viirs,conservar_nulos_y_excluir_solo_del_subconjunto_analitico
13,LJ500_R002_C051,2023,5,2023-05-01,2023-05,0.01649918806550166,parcial_lt_050,sin_observacion_viirs,conservar_nulos_y_excluir_solo_del_subconjunto_analitico
13,LJ500_R002_C051,2023,6,2023-06-01,2023-06,0.01649918806550166,parcial_lt_050,sin_observacion_viirs,conservar_nulos_y_excluir_solo_del_subconjunto_analitico
13,LJ500_R002_C051,2023,7,2023-07-01,2023-07,0.01649918806550166,parcial_lt_050,sin_observacion_viirs,conservar_nulos_y_excluir_solo_del_subconjunto_analitico
13,LJ500_R002_C051,2023,8,2023-08-01,2023-08,0.01649918806550166,parcial_lt_050,sin_observacion_viirs,conservar_nulos_y_excluir_solo_del_subconjunto_analitico
13,LJ500_R002_C051,2023,9,2023-09-01,2023-09,0.01649918806550166,parcial_lt_050,sin_observacion_viirs,conservar_nulos_y_excluir_solo_del_subconjunto_analitico
13,LJ500_R002_C051,2023,10,2023-10-01,2023-10,0.01649918806550166,parcial_lt_050,sin_observacion_viirs,conservar_nulos_y_excluir_solo_del_subconjunto_analitico
13,LJ500_R002_C051,2023,11,2023-11-01,2023-11,0.01649918806550166,parcial_lt_050,sin_observacion_viirs,conservar_nulos_y_excluir_solo_del_subconjunto_analitico
13,LJ500_R002_C051,2023,12,2023-12-01,2023-12,0.01649918806550166,parcial_lt_050,sin_observacion_viirs,conservar_nulos_y_excluir_solo_del_subconjunto_analitico
30,LJ500_R003_C077,2023,1,2023-01-01,2023-01,0.00013894902982604588,parcial_lt_050,sin_observacion_viirs,conservar_nulos_y_excluir_solo_del_subconjunto_analitico
30,LJ500_R003_C077,2023,2,2023-02-01,2023-02,0.00013894902982604588,parcial_lt_050,sin_observacion_viirs,conservar_nulos_y_excluir_solo_del_subconjunto_analitico
30,LJ500_R003_C077,2023,3,2023-03-01,2023-03,0.00013894902982604588,parcial_lt_050,sin_observacion_viirs,conservar_nulos_y_excluir_solo_del_subconjunto_analitico
30,LJ500_R003_C077,2023,4,2023-04-01,2023-04,0.00013894902982604588,parcial_lt_050,sin_observacion_viirs,conservar_nulos_y_excluir_solo_del_subconjunto_analitico
30,LJ500_R003_C077,2023,5,2023-05-01,2023-05,0.00013894902982604588,parcial_lt_050,sin_observacion_viirs,conservar_nulos_y_excluir_solo_del_subconjunto_analitico
30,LJ500_R003_C077,2023,6,2023-06-01,2023-06,0.00013894902982604588,parcial_lt_050,sin_observacion_viirs,conservar_nulos_y_excluir_solo_del_subconjunto_analitico
30,LJ500_R003_C077,2023,7,2023-07-01,2023-07,0.00013894902982604588,parcial_lt_050,sin_observacion_viirs,conservar_nulos_y_excluir_solo_del_subconjunto_analitico
30,LJ500_R003_C077,2023,8,2023-08-01,2023-08,0.00013894902982604588,parcial_lt_050,sin_observacion_viirs,conservar_nulos_y_excluir_solo_del_subconjunto_analitico
30,LJ500_R003_C077,2023,9,2023-09-01,2023-09,0.00013894902982604588,parcial_lt_050,sin_observacion_viirs,conservar_nulos_y_excluir_solo_del_subconjunto_analitico
30,LJ500_R003_C077,2023,10,2023-10-01,2023-10,0.00013894902982604588,parcial_lt_050,sin_observacion_viirs,conservar_nulos_y_excluir_solo_del_subconjunto_analitico
30,LJ500_R003_C077,2023,11,2023-11-01,2023-11,0.00013894902982604588,parcial_lt_050,sin_observacion_viirs,conservar_nulos_y_excluir_solo_del_subconjunto_analitico
30,LJ500_R003_C077,2023,12,2023-12-01,2023-12,0.00013894902982604588,parcial_lt_050,sin_observacion_viirs,conservar_nulos_y_excluir_solo_del_subconjunto_analitico
31,LJ500_R004_C052,2023,1,2023-01-01,2023-01,0.0006172309728491432,parcial_lt_050,sin_observacion_viirs,conservar_nulos_y_excluir_solo_del_subconjunto_analitico
31,LJ500_R004_C052,2023,2,2023-02-01,2023-02,0.0006172309728491432,parcial_lt_050,sin_observacion_viirs,conservar_nulos_y_excluir_solo_del_subconjunto_analitico
31,LJ500_R004_C052,2023,3,2023-03-01,2023-03,0.0006172309728491432,parcial_lt_050,sin_observacion_viirs,conservar_nulos_y_excluir_solo_del_subconjunto_analitico
31,LJ500_R004_C052,2023,4,2023-04-01,2023-04,0.0006172309728491432,parcial_lt_050,sin_observacion_viirs,conservar_nulos_y_excluir_solo_del_subconjunto_analitico
31,LJ500_R004_C052,2023,5,2023-05-01,2023-05,0.0006172309728491432,parcial_lt_050,sin_observacion_viirs,conservar_nulos_y_excluir_solo_del_subconjunto_analitico
31,LJ500_R004_C052,2023,6,2023-06-01,2023-06,0.0006172309728491432,parcial_lt_050,sin_observacion_viirs,conservar_nulos_y_excluir_solo_del_subconjunto_analitico
31,LJ500_R004_C052,2023,7,2023-07-01,2023-07,0.0006172309728491432,parcial_lt_050,sin_observacion_viirs,conservar_nulos_y_excluir_solo_del_subconjunto_analitico
31,LJ500_R004_C052,2023,8,2023-08-01,2023-08,0.0006172309728491432,parcial_lt_050,sin_observacion_viirs,conservar_nulos_y_excluir_solo_del_subconjunto_analitico
31,LJ500_R004_C052,2023,9,2023-09-01,2023-09,0.0006172309728491432,parcial_lt_050,sin_observacion_viirs,conservar_nulos_y_excluir_solo_del_subconjunto_analitico
31,LJ500_R004_C052,2023,10,2023-10-01,2023-10,0.0006172309728491432,parcial_lt_050,sin_observacion_viirs,conservar_nulos_y_excluir_solo_del_subconjunto_analitico
31,LJ500_R004_C052,2023,11,2023-11-01,2023-11,0.0006172309728491432,parcial_lt_050,sin_observacion_viirs,conservar_nulos_y_excluir_solo_del_subconjunto_analitico
31,LJ500_R004_C052,2023,12,2023-12-01,2023-12,0.0006172309728491432,parcial_lt_050,sin_observacion_viirs,conservar_nulos_y_excluir_solo_del_subconjunto_analitico
36,LJ500_R004_C069,2023,1,2023-01-01,2023-01,0.0007643170586106341,parcial_lt_050,sin_observacion_viirs,conservar_nulos_y_excluir_solo_del_subconjunto_analitico
36,LJ500_R004_C069,2023,2,2023-02-01,2023-02,0.0007643170586106341,parcial_lt_050,sin_observacion_viirs,conservar_nulos_y_excluir_solo_del_subconjunto_analitico
36,LJ500_R004_C069,2023,3,2023-03-01,2023-03,0.0007643170586106341,parcial_lt_050,sin_observacion_viirs,conservar_nulos_y_excluir_solo_del_subconjunto_analitico
36,LJ500_R004_C069,2023,4,2023-04-01,2023-04,0.0007643170586106341,parcial_lt_050,sin_observacion_viirs,conservar_nulos_y_excluir_solo_del_subconjunto_analitico
36,LJ500_R004_C069,2023,5,2023-05-01,2023-05,0.0007643170586106341,parcial_lt_050,sin_observacion_viirs,conservar_nulos_y_excluir_solo_del_subconjunto_analitico
36,LJ500_R004_C069,2023,6,2023-06-01,2023-06,0.0007643170586106341,parcial_lt_050,sin_observacion_viirs,conservar_nulos_y_excluir_solo_del_subconjunto_analitico
36,LJ500_R004_C069,2023,7,2023-07-01,2023-07,0.0007643170586106341,parcial_lt_050,sin_observacion_viirs,conservar_nulos_y_excluir_solo_del_subconjunto_analitico
36,LJ500_R004_C069,2023,8,2023-08-01,2023-08,0.0007643170586106341,parcial_lt_050,sin_observacion_viirs,conservar_nulos_y_excluir_solo_del_subconjunto_analitico
36,LJ500_R004_C069,2023,9,2023-09-01,2023-09,0.0007643170586106341,parcial_lt_050,sin_observacion_viirs,conservar_nulos_y_excluir_solo_del_subconjunto_analitico
36,LJ500_R004_C069,2023,10,2023-10-01,2023-10,0.0007643170586106341,parcial_lt_050,sin_observacion_viirs,conservar_nulos_y_excluir_solo_del_subconjunto_analitico
36,LJ500_R004_C069,2023,11,2023-11-01,2023-11,0.0007643170586106341,parcial_lt_050,sin_observacion_viirs,conservar_nulos_y_excluir_solo_del_subconjunto_analitico
36,LJ500_R004_C069,2023,12,2023-12-01,2023-12,0.0007643170586106341,parcial_lt_050,sin_observacion_viirs,conservar_nulos_y_excluir_solo_del_subconjunto_analitico
45,LJ500_R005_C052,2023,1,2023-01-01,2023-01,0.0063227902859836725,parcial_lt_050,sin_observacion_viirs,conservar_nulos_y_excluir_solo_del_subconjunto_analitico
45,LJ500_R005_C052,2023,2,2023-02-01,2023-02,0.0063227902859836725,parcial_lt_050,sin_observacion_viirs,conservar_nulos_y_excluir_solo_del_subconjunto_analitico
45,LJ500_R005_C052,2023,3,2023-03-01,2023-03,0.0063227902859836725,parcial_lt_050,sin_observacion_viirs,conservar_nulos_y_excluir_solo_del_subconjunto_analitico
45,LJ500_R005_C052,2023,4,2023-04-01,2023-04,0.0063227902859836725,parcial_lt_050,sin_observacion_viirs,conservar_nulos_y_excluir_solo_del_subconjunto_analitico
45,LJ500_R005_C052,2023,5,2023-05-01,2023-05,0.0063227902859836725,parcial_lt_050,sin_observacion_viirs,conservar_nulos_y_excluir_solo_del_subconjunto_analitico
45,LJ500_R005_C052,2023,6,2023-06-01,2023-06,0.0063227902859836725,parcial_lt_050,sin_observacion_viirs,conservar_nulos_y_excluir_solo_del_subconjunto_analitico
45,LJ500_R005_C052,2023,7,2023-07-01,2023-07,0.0063227902859836725,parcial_lt_050,sin_observacion_viirs,conservar_nulos_y_excluir_solo_del_subconjunto_analitico
45,LJ500_R005_C052,2023,8,2023-08-01,2023-08,0.0063227902859836725,parcial_lt_050,sin_observacion_viirs,conservar_nulos_y_excluir_solo_del_subconjunto_analitico
45,LJ500_R005_C052,2023,9,2023-09-01,2023-09,0.0063227902859836725,parcial_lt_050,sin_observacion_viirs,conservar_nulos_y_excluir_solo_del_subconjunto_analitico
45,LJ500_R005_C052,2023,10,2023-10-01,2023-10,0.0063227902859836725,parcial_lt_050,sin_observacion_viirs,conservar_nulos_y_excluir_solo_del_subconjunto_analitico
45,LJ500_R005_C052,2023,11,2023-11-01,2023-11,0.0063227902859836725,parcial_lt_050,sin_observacion_viirs,conservar_nulos_y_excluir_solo_del_subconjunto_analitico
45,LJ500_R005_C052,2023,12,2023-12-01,2023-12,0.0063227902859836725,parcial_lt_050,sin_observacion_viirs,conservar_nulos_y_excluir_solo_del_subconjunto_analitico
50,LJ500_R005_C062,2023,1,2023-01-01,2023-01,0.002915817703713122,parcial_lt_050,sin_observacion_viirs,conservar_nulos_y_excluir_solo_del_subconjunto_analitico
50,LJ500_R005_C062,2023,2,2023-02-01,2023-02,0.002915817703713122,parcial_lt_050,sin_observacion_viirs,conservar_nulos_y_excluir_solo_del_subconjunto_analitico
50,LJ500_R005_C062,2023,3,2023-03-01,2023-03,0.002915817703713122,parcial_lt_050,sin_observacion_viirs,conservar_nulos_y_excluir_solo_del_subconjunto_analitico
50,LJ500_R005_C062,2023,4,2023-04-01,2023-04,0.002915817703713122,parcial_lt_050,sin_observacion_viirs,conservar_nulos_y_excluir_solo_del_subconjunto_analitico
50,LJ500_R005_C062,2023,5,2023-05-01,2023-05,0.002915817703713122,parcial_lt_050,sin_observacion_viirs,conservar_nulos_y_excluir_solo_del_subconjunto_analitico
50,LJ500_R005_C062,2023,6,2023-06-01,2023-06,0.002915817703713122,parcial_lt_050,sin_observacion_viirs,conservar_nulos_y_excluir_solo_del_subconjunto_analitico
50,LJ500_R005_C062,2023,7,2023-07-01,2023-07,0.002915817703713122,parcial_lt_050,sin_observacion_viirs,conservar_nulos_y_excluir_solo_del_subconjunto_analitico
50,LJ500_R005_C062,2023,8,2023-08-01,2023-08,0.002915817703713122,parcial_lt_050,sin_observacion_viirs,conservar_nulos_y_excluir_solo_del_subconjunto_analitico
50,LJ500_R005_C062,2023,9,2023-09-01,2023-09,0.002915817703713122,parcial_lt_050,sin_observacion_viirs,conservar_nulos_y_excluir_solo_del_subconjunto_analitico
50,LJ500_R005_C062,2023,10,2023-10-01,2023-10,0.002915817703713122,parcial_lt_050,sin_observacion_viirs,conservar_nulos_y_excluir_solo_del_subconjunto_analitico
50,LJ500_R005_C062,2023,11,2023-11-01,2023-11,0.002915817703713122,parcial_lt_050,sin_observacion_viirs,conservar_nulos_y_excluir_solo_del_subconjunto_analitico
50,LJ500_R005_C062,2023,12,2023-12-01,2023-12,0.002915817703713122,parcial_lt_050,sin_observacion_viirs,conservar_nulos_y_excluir_solo_del_subconjunto_analitico
53,LJ500_R005_C067,2023,1,2023-01-01,2023-01,0.0021873829889422322,parcial_lt_050,sin_observacion_viirs,conservar_nulos_y_excluir_solo_del_subconjunto_analitico
53,LJ500_R005_C067,2023,2,2023-02-01,2023-02,0.0021873829889422322,parcial_lt_050,sin_observacion_viirs,conservar_nulos_y_excluir_solo_del_subconjunto_analitico
53,LJ500_R005_C067,2023,3,2023-03-01,2023-03,0.0021873829889422322,parcial_lt_050,sin_observacion_viirs,conservar_nulos_y_excluir_solo_del_subconjunto_analitico
53,LJ500_R005_C067,2023,4,2023-04-01,2023-04,0.0021873829889422322,parcial_lt_050,sin_observacion_viirs,conservar_nulos_y_excluir_solo_del_subconjunto_analitico
53,LJ500_R005_C067,2023,5,2023-05-01,2023-05,0.0021873829889422322,parcial_lt_050,sin_observacion_viirs,conservar_nulos_y_excluir_solo_del_subconjunto_analitico
53,LJ500_R005_C067,2023,6,2023-06-01,2023-06,0.0021873829889422322,parcial_lt_050,sin_observacion_viirs,conservar_nulos_y_excluir_solo_del_subconjunto_analitico
53,LJ500_R005_C067,2023,7,2023-07-01,2023-07,0.0021873829889422322,parcial_lt_050,sin_observacion_viirs,conservar_nulos_y_excluir_solo_del_subconjunto_analitico
53,LJ500_R005_C067,2023,8,2023-08-01,2023-08,0.0021873829889422322,parcial_lt_050,sin_observacion_viirs,conservar_nulos_y_excluir_solo_del_subconjunto_analitico
53,LJ500_R005_C067,2023,9,2023-09-01,2023-09,0.0021873829889422322,parcial_lt_050,sin_observacion_viirs,conservar_nulos_y_excluir_solo_del_subconjunto_analitico
53,LJ500_R005_C067,2023,10,2023-10-01,2023-10,0.0021873829889422322,parcial_lt_050,sin_observacion_viirs,conservar_nulos_y_excluir_solo_del_subconjunto_analitico
53,LJ500_R005_C067,2023,11,2023-11-01,2023-11,0.0021873829889422322,parcial_lt_050,sin_observacion_viirs,conservar_nulos_y_excluir_solo_del_subconjunto_analitico
53,LJ500_R005_C067,2023,12,2023-12-01,2023-12,0.0021873829889422322,parcial_lt_050,sin_observacion_viirs,conservar_nulos_y_excluir_solo_del_subconjunto_analitico
64,LJ500_R005_C078,2023,1,2023-01-01,2023-01,0.001161997406956173,parcial_lt_050,sin_observacion_viirs,conservar_nulos_y_excluir_solo_del_subconjunto_analitico
64,LJ500_R005_C078,2023,2,2023-02-01,2023-02,0.001161997406956173,parcial_lt_050,sin_observacion_viirs,conservar_nulos_y_excluir_solo_del_subconjunto_analitico
64,LJ500_R005_C078,2023,3,2023-03-01,2023-03,0.001161997406956173,parcial_lt_050,sin_observacion_viirs,conservar_nulos_y_excluir_solo_del_subconjunto_analitico
64,LJ500_R005_C078,2023,4,2023-04-01,2023-04,0.001161997406956173,parcial_lt_050,sin_observacion_viirs,conservar_nulos_y_excluir_solo_del_subconjunto_analitico
64,LJ500_R005_C078,2023,5,2023-05-01,2023-05,0.001161997406956173,parcial_lt_050,sin_observacion_viirs,conservar_nulos_y_excluir_solo_del_subconjunto_analitico
64,LJ500_R005_C078,2023,6,2023-06-01,2023-06,0.001161997406956173,parcial_lt_050,sin_observacion_viirs,conservar_nulos_y_excluir_solo_del_subconjunto_analitico
64,LJ500_R005_C078,2023,7,2023-07-01,2023-07,0.001161997406956173,parcial_lt_050,sin_observacion_viirs,conservar_nulos_y_excluir_solo_del_subconjunto_analitico
64,LJ500_R005_C078,2023,8,2023-08-01,2023-08,0.001161997406956173,parcial_lt_050,sin_observacion_viirs,conservar_nulos_y_excluir_solo_del_subconjunto_analitico
64,LJ500_R005_C078,2023,9,2023-09-01,2023-09,0.001161997406956173,parcial_lt_050,sin_observacion_viirs,conservar_nulos_y_excluir_solo_del_subconjunto_analitico
64,LJ500_R005_C078,2023,10,2023-10-01,2023-10,0.001161997406956173,parcial_lt_050,sin_observacion_viirs,conservar_nulos_y_excluir_solo_del_subconjunto_analitico
64,LJ500_R005_C078,2023,11,2023-11-01,2023-11,0.001161997406956173,parcial_lt_050,sin_observacion_viirs,conservar_nulos_y_excluir_solo_del_subconjunto_analitico
64,LJ500_R005_C078,2023,12,2023-12-01,2023-12,0.001161997406956173,parcial_lt_050,sin_observacion_viirs,conservar_nulos_y_excluir_solo_del_subconjunto_analitico
69,LJ500_R006_C057,2023,1,2023-01-01,2023-01,0.009052255982275279,parcial_lt_050,sin_observacion_viirs,conservar_nulos_y_excluir_solo_del_subconjunto_analitico
69,LJ500_R006_C057,2023,2,2023-02-01,2023-02,0.009052255982275279,parcial_lt_050,sin_observacion_viirs,conservar_nulos_y_excluir_solo_del_subconjunto_analitico
69,LJ500_R006_C057,2023,3,2023-03-01,2023-03,0.009052255982275279,parcial_lt_050,sin_observacion_viirs,conservar_nulos_y_excluir_solo_del_subconjunto_analitico
69,LJ500_R006_C057,2023,4,2023-04-01,2023-04,0.009052255982275279,parcial_lt_050,sin_observacion_viirs,conservar_nulos_y_excluir_solo_del_subconjunto_analitico
69,LJ500_R006_C057,2023,5,2023-05-01,2023-05,0.009052255982275279,parcial_lt_050,sin_observacion_viirs,conservar_nulos_y_excluir_solo_del_subconjunto_analitico
69,LJ500_R006_C057,2023,6,2023-06-01,2023-06,0.009052255982275279,parcial_lt_050,sin_observacion_viirs,conservar_nulos_y_excluir_solo_del_subconjunto_analitico
69,LJ500_R006_C057,2023,7,2023-07-01,2023-07,0.009052255982275279,parcial_lt_050,sin_observacion_viirs,conservar_nulos_y_excluir_solo_del_subconjunto_analitico
69,LJ500_R006_C057,2023,8,2023-08-01,2023-08,0.009052255982275279,parcial_lt_050,sin_observacion_viirs,conservar_nulos_y_excluir_solo_del_subconjunto_analitico
69,LJ500_R006_C057,2023,9,2023-09-01,2023-09,0.009052255982275279,parcial_lt_050,sin_observacion_viirs,conservar_nulos_y_excluir_solo_del_subconjunto_analitico
69,LJ500_R006_C057,2023,10,2023-10-01,2023-10,0.009052255982275279,parcial_lt_050,sin_observacion_viirs,conservar_nulos_y_excluir_solo_del_subconjunto_analitico
69,LJ500_R006_C057,2023,11,2023-11-01,2023-11,0.009052255982275279,parcial_lt_050,sin_observacion_viirs,conservar_nulos_y_excluir_solo_del_subconjunto_analitico
69,LJ500_R006_C057,2023,12,2023-12-01,2023-12,0.009052255982275279,parcial_lt_050,sin_observacion_viirs,conservar_nulos_y_excluir_solo_del_subconjunto_analitico
439,LJ500_R016_C090,2023,1,2023-01-01,2023-01,0.0037325257651121347,parcial_lt_050,sin_observacion_viirs,conservar_nulos_y_excluir_solo_del_subconjunto_analitico
439,LJ500_R016_C090,2023,2,2023-02-01,2023-02,0.0037325257651121347,parcial_lt_050,sin_observacion_viirs,conservar_nulos_y_excluir_solo_del_subconjunto_analitico
439,LJ500_R016_C090,2023,3,2023-03-01,2023-03,0.0037325257651121347,parcial_lt_050,sin_observacion_viirs,conservar_nulos_y_excluir_solo_del_subconjunto_analitico
439,LJ500_R016_C090,2023,4,2023-04-01,2023-04,0.0037325257651121347,parcial_lt_050,sin_observacion_viirs,conservar_nulos_y_excluir_solo_del_subconjunto_analitico
439,LJ500_R016_C090,2023,5,2023-05-01,2023-05,0.0037325257651121347,parcial_lt_050,sin_observacion_viirs,conservar_nulos_y_excluir_solo_del_subconjunto_analitico
439,LJ500_R016_C090,2023,6,2023-06-01,2023-06,0.0037325257651121347,parcial_lt_050,sin_observacion_viirs,conservar_nulos_y_excluir_solo_del_subconjunto_analitico
439,LJ500_R016_C090,2023,7,2023-07-01,2023-07,0.0037325257651121347,parcial_lt_050,sin_observacion_viirs,conservar_nulos_y_excluir_solo_del_subconjunto_analitico
439,LJ500_R016_C090,2023,8,2023-08-01,2023-08,0.0037325257651121347,parcial_lt_050,sin_observacion_viirs,conservar_nulos_y_excluir_solo_del_subconjunto_analitico
439,LJ500_R016_C090,2023,9,2023-09-01,2023-09,0.0037325257651121347,parcial_lt_050,sin_observacion_viirs,conservar_nulos_y_excluir_solo_del_subconjunto_analitico
439,LJ500_R016_C090,2023,10,2023-10-01,2023-10,0.0037325257651121347,parcial_lt_050,sin_observacion_viirs,conservar_nulos_y_excluir_solo_del_subconjunto_analitico
439,LJ500_R016_C090,2023,11,2023-11-01,2023-11,0.0037325257651121347,parcial_lt_050,sin_observacion_viirs,conservar_nulos_y_excluir_solo_del_subconjunto_analitico
439,LJ500_R016_C090,2023,12,2023-12-01,2023-12,0.0037325257651121347,parcial_lt_050,sin_observacion_viirs,conservar_nulos_y_excluir_solo_del_subconjunto_analitico
479,LJ500_R017_C091,2023,1,2023-01-01,2023-01,0.0477631904661072,parcial_lt_050,sin_observacion_viirs,conservar_nulos_y_excluir_solo_del_subconjunto_analitico
479,LJ500_R017_C091,2023,2,2023-02-01,2023-02,0.0477631904661072,parcial_lt_050,sin_observacion_viirs,conservar_nulos_y_excluir_solo_del_subconjunto_analitico
479,LJ500_R017_C091,2023,3,2023-03-01,2023-03,0.0477631904661072,parcial_lt_050,sin_observacion_viirs,conservar_nulos_y_excluir_solo_del_subconjunto_analitico
479,LJ500_R017_C091,2023,4,2023-04-01,2023-04,0.0477631904661072,parcial_lt_050,sin_observacion_viirs,conservar_nulos_y_excluir_solo_del_subconjunto_analitico
479,LJ500_R017_C091,2023,5,2023-05-01,2023-05,0.0477631904661072,parcial_lt_050,sin_observacion_viirs,conservar_nulos_y_excluir_solo_del_subconjunto_analitico
479,LJ500_R017_C091,2023,6,2023-06-01,2023-06,0.0477631904661072,parcial_lt_050,sin_observacion_viirs,conservar_nulos_y_excluir_solo_del_subconjunto_analitico
479,LJ500_R017_C091,2023,7,2023-07-01,2023-07,0.0477631904661072,parcial_lt_050,sin_observacion_viirs,conservar_nulos_y_excluir_solo_del_subconjunto_analitico
479,LJ500_R017_C091,2023,8,2023-08-01,2023-08,0.0477631904661072,parcial_lt_050,sin_observacion_viirs,conservar_nulos_y_excluir_solo_del_subconjunto_analitico
479,LJ500_R017_C091,2023,9,2023-09-01,2023-09,0.0477631904661072,parcial_lt_050,sin_observacion_viirs,conservar_nulos_y_excluir_solo_del_subconjunto_analitico
479,LJ500_R017_C091,2023,10,2023-10-01,2023-10,0.0477631904661072,parcial_lt_050,sin_observacion_viirs,conservar_nulos_y_excluir_solo_del_subconjunto_analitico
479,LJ500_R017_C091,2023,11,2023-11-01,2023-11,0.0477631904661072,parcial_lt_050,sin_observacion_viirs,conservar_nulos_y_excluir_solo_del_subconjunto_analitico
479,LJ500_R017_C091,2023,12,2023-12-01,2023-12,0.0477631904661072,parcial_lt_050,sin_observacion_viirs,conservar_nulos_y_excluir_solo_del_subconjunto_analitico
523,LJ500_R018_C095,2023,1,2023-01-01,2023-01,0.003934408819014756,parcial_lt_050,sin_observacion_viirs,conservar_nulos_y_excluir_solo_del_subconjunto_analitico
523,LJ500_R018_C095,2023,2,2023-02-01,2023-02,0.003934408819014756,parcial_lt_050,sin_observacion_viirs,conservar_nulos_y_excluir_solo_del_subconjunto_analitico
523,LJ500_R018_C095,2023,3,2023-03-01,2023-03,0.003934408819014756,parcial_lt_050,sin_observacion_viirs,conservar_nulos_y_excluir_solo_del_subconjunto_analitico
523,LJ500_R018_C095,2023,4,2023-04-01,2023-04,0.003934408819014756,parcial_lt_050,sin_observacion_viirs,conservar_nulos_y_excluir_solo_del_subconjunto_analitico
523,LJ500_R018_C095,2023,5,2023-05-01,2023-05,0.003934408819014756,parcial_lt_050,sin_observacion_viirs,conservar_nulos_y_excluir_solo_del_subconjunto_analitico
523,LJ500_R018_C095,2023,6,2023-06-01,2023-06,0.003934408819014756,parcial_lt_050,sin_observacion_viirs,conservar_nulos_y_excluir_solo_del_subconjunto_analitico
523,LJ500_R018_C095,2023,7,2023-07-01,2023-07,0.003934408819014756,parcial_lt_050,sin_observacion_viirs,conservar_nulos_y_excluir_solo_del_subconjunto_analitico
523,LJ500_R018_C095,2023,8,2023-08-01,2023-08,0.003934408819014756,parcial_lt_050,sin_observacion_viirs,conservar_nulos_y_excluir_solo_del_subconjunto_analitico
523,LJ500_R018_C095,2023,9,2023-09-01,2023-09,0.003934408819014756,parcial_lt_050,sin_observacion_viirs,conservar_nulos_y_excluir_solo_del_subconjunto_analitico
523,LJ500_R018_C095,2023,10,2023-10-01,2023-10,0.003934408819014756,parcial_lt_050,sin_observacion_viirs,conservar_nulos_y_excluir_solo_del_subconjunto_analitico
523,LJ500_R018_C095,2023,11,2023-11-01,2023-11,0.003934408819014756,parcial_lt_050,sin_observacion_viirs,conservar_nulos_y_excluir_solo_del_subconjunto_analitico
523,LJ500_R018_C095,2023,12,2023-12-01,2023-12,0.003934408819014756,parcial_lt_050,sin_observacion_viirs,conservar_nulos_y_excluir_solo_del_subconjunto_analitico
1169,LJ500_R033_C051,2023,1,2023-01-01,2023-01,0.006031638033338911,parcial_lt_050,sin_observacion_viirs,conservar_nulos_y_excluir_solo_del_subconjunto_analitico
1169,LJ500_R033_C051,2023,2,2023-02-01,2023-02,0.006031638033338911,parcial_lt_050,sin_observacion_viirs,conservar_nulos_y_excluir_solo_del_subconjunto_analitico
1169,LJ500_R033_C051,2023,3,2023-03-01,2023-03,0.006031638033338911,parcial_lt_050,sin_observacion_viirs,conservar_nulos_y_excluir_solo_del_subconjunto_analitico
1169,LJ500_R033_C051,2023,4,2023-04-01,2023-04,0.006031638033338911,parcial_lt_050,sin_observacion_viirs,conservar_nulos_y_excluir_solo_del_subconjunto_analitico
1169,LJ500_R033_C051,2023,5,2023-05-01,2023-05,0.006031638033338911,parcial_lt_050,sin_observacion_viirs,conservar_nulos_y_excluir_solo_del_subconjunto_analitico
1169,LJ500_R033_C051,2023,6,2023-06-01,2023-06,0.006031638033338911,parcial_lt_050,sin_observacion_viirs,conservar_nulos_y_excluir_solo_del_subconjunto_analitico
1169,LJ500_R033_C051,2023,7,2023-07-01,2023-07,0.006031638033338911,parcial_lt_050,sin_observacion_viirs,conservar_nulos_y_excluir_solo_del_subconjunto_analitico
1169,LJ500_R033_C051,2023,8,2023-08-01,2023-08,0.006031638033338911,parcial_lt_050,sin_observacion_viirs,conservar_nulos_y_excluir_solo_del_subconjunto_analitico
1169,LJ500_R033_C051,2023,9,2023-09-01,2023-09,0.006031638033338911,parcial_lt_050,sin_observacion_viirs,conservar_nulos_y_excluir_solo_del_subconjunto_analitico
1169,LJ500_R033_C051,2023,10,2023-10-01,2023-10,0.006031638033338911,parcial_lt_050,sin_observacion_viirs,conservar_nulos_y_excluir_solo_del_subconjunto_analitico
1169,LJ500_R033_C051,2023,11,2023-11-01,2023-11,0.006031638033338911,parcial_lt_050,sin_observacion_viirs,conservar_nulos_y_excluir_solo_del_subconjunto_analitico
1169,LJ500_R033_C051,2023,12,2023-12-01,2023-12,0.006031638033338911,parcial_lt_050,sin_observacion_viirs,conservar_nulos_y_excluir_solo_del_subconjunto_analitico
1216,LJ500_R033_C098,2023,1,2023-01-01,2023-01,0.0018355368908747423,parcial_lt_050,sin_observacion_viirs,conservar_nulos_y_excluir_solo_del_subconjunto_analitico
1216,LJ500_R033_C098,2023,2,2023-02-01,2023-02,0.0018355368908747423,parcial_lt_050,sin_observacion_viirs,conservar_nulos_y_excluir_solo_del_subconjunto_analitico
1216,LJ500_R033_C098,2023,3,2023-03-01,2023-03,0.0018355368908747423,parcial_lt_050,sin_observacion_viirs,conservar_nulos_y_excluir_solo_del_subconjunto_analitico
1216,LJ500_R033_C098,2023,4,2023-04-01,2023-04,0.0018355368908747423,parcial_lt_050,sin_observacion_viirs,conservar_nulos_y_excluir_solo_del_subconjunto_analitico
1216,LJ500_R033_C098,2023,5,2023-05-01,2023-05,0.0018355368908747423,parcial_lt_050,sin_observacion_viirs,conservar_nulos_y_excluir_solo_del_subconjunto_analitico
1216,LJ500_R033_C098,2023,6,2023-06-01,2023-06,0.0018355368908747423,parcial_lt_050,sin_observacion_viirs,conservar_nulos_y_excluir_solo_del_subconjunto_analitico
1216,LJ500_R033_C098,2023,7,2023-07-01,2023-07,0.0018355368908747423,parcial_lt_050,sin_observacion_viirs,conservar_nulos_y_excluir_solo_del_subconjunto_analitico
1216,LJ500_R033_C098,2023,8,2023-08-01,2023-08,0.0018355368908747423,parcial_lt_050,sin_observacion_viirs,conservar_nulos_y_excluir_solo_del_subconjunto_analitico
1216,LJ500_R033_C098,2023,9,2023-09-01,2023-09,0.0018355368908747423,parcial_lt_050,sin_observacion_viirs,conservar_nulos_y_excluir_solo_del_subconjunto_analitico
1216,LJ500_R033_C098,2023,10,2023-10-01,2023-10,0.0018355368908747423,parcial_lt_050,sin_observacion_viirs,conservar_nulos_y_excluir_solo_del_subconjunto_analitico
1216,LJ500_R033_C098,2023,11,2023-11-01,2023-11,0.0018355368908747423,parcial_lt_050,sin_observacion_viirs,conservar_nulos_y_excluir_solo_del_subconjunto_analitico
1216,LJ500_R033_C098,2023,12,2023-12-01,2023-12,0.0018355368908747423,parcial_lt_050,sin_observacion_viirs,conservar_nulos_y_excluir_solo_del_subconjunto_analitico
1217,LJ500_R034_C050,2023,1,2023-01-01,2023-01,0.004683731381066177,parcial_lt_050,sin_observacion_viirs,conservar_nulos_y_excluir_solo_del_subconjunto_analitico
1217,LJ500_R034_C050,2023,2,2023-02-01,2023-02,0.004683731381066177,parcial_lt_050,sin_observacion_viirs,conservar_nulos_y_excluir_solo_del_subconjunto_analitico
1217,LJ500_R034_C050,2023,3,2023-03-01,2023-03,0.004683731381066177,parcial_lt_050,sin_observacion_viirs,conservar_nulos_y_excluir_solo_del_subconjunto_analitico
1217,LJ500_R034_C050,2023,4,2023-04-01,2023-04,0.004683731381066177,parcial_lt_050,sin_observacion_viirs,conservar_nulos_y_excluir_solo_del_subconjunto_analitico
1217,LJ500_R034_C050,2023,5,2023-05-01,2023-05,0.004683731381066177,parcial_lt_050,sin_observacion_viirs,conservar_nulos_y_excluir_solo_del_subconjunto_analitico
1217,LJ500_R034_C050,2023,6,2023-06-01,2023-06,0.004683731381066177,parcial_lt_050,sin_observacion_viirs,conservar_nulos_y_excluir_solo_del_subconjunto_analitico
1217,LJ500_R034_C050,2023,7,2023-07-01,2023-07,0.004683731381066177,parcial_lt_050,sin_observacion_viirs,conservar_nulos_y_excluir_solo_del_subconjunto_analitico
1217,LJ500_R034_C050,2023,8,2023-08-01,2023-08,0.004683731381066177,parcial_lt_050,sin_observacion_viirs,conservar_nulos_y_excluir_solo_del_subconjunto_analitico
1217,LJ500_R034_C050,2023,9,2023-09-01,2023-09,0.004683731381066177,parcial_lt_050,sin_observacion_viirs,conservar_nulos_y_excluir_solo_del_subconjunto_analitico
1217,LJ500_R034_C050,2023,10,2023-10-01,2023-10,0.004683731381066177,parcial_lt_050,sin_observacion_viirs,conservar_nulos_y_excluir_solo_del_subconjunto_analitico
1217,LJ500_R034_C050,2023,11,2023-11-01,2023-11,0.004683731381066177,parcial_lt_050,sin_observacion_viirs,conservar_nulos_y_excluir_solo_del_subconjunto_analitico
1217,LJ500_R034_C050,2023,12,2023-12-01,2023-12,0.004683731381066177,parcial_lt_050,sin_observacion_viirs,conservar_nulos_y_excluir_solo_del_subconjunto_analitico
1363,LJ500_R036_C097,2023,1,2023-01-01,2023-01,0.014402910556067185,parcial_lt_050,sin_observacion_viirs,conservar_nulos_y_excluir_solo_del_subconjunto_analitico
1363,LJ500_R036_C097,2023,2,2023-02-01,2023-02,0.014402910556067185,parcial_lt_050,sin_observacion_viirs,conservar_nulos_y_excluir_solo_del_subconjunto_analitico
1363,LJ500_R036_C097,2023,3,2023-03-01,2023-03,0.014402910556067185,parcial_lt_050,sin_observacion_viirs,conservar_nulos_y_excluir_solo_del_subconjunto_analitico
1363,LJ500_R036_C097,2023,4,2023-04-01,2023-04,0.014402910556067185,parcial_lt_050,sin_observacion_viirs,conservar_nulos_y_excluir_solo_del_subconjunto_analitico
1363,LJ500_R036_C097,2023,5,2023-05-01,2023-05,0.014402910556067185,parcial_lt_050,sin_observacion_viirs,conservar_nulos_y_excluir_solo_del_subconjunto_analitico
1363,LJ500_R036_C097,2023,6,2023-06-01,2023-06,0.014402910556067185,parcial_lt_050,sin_observacion_viirs,conservar_nulos_y_excluir_solo_del_subconjunto_analitico
1363,LJ500_R036_C097,2023,7,2023-07-01,2023-07,0.014402910556067185,parcial_lt_050,sin_observacion_viirs,conservar_nulos_y_excluir_solo_del_subconjunto_analitico
1363,LJ500_R036_C097,2023,8,2023-08-01,2023-08,0.014402910556067185,parcial_lt_050,sin_observacion_viirs,conservar_nulos_y_excluir_solo_del_subconjunto_analitico
1363,LJ500_R036_C097,2023,9,2023-09-01,2023-09,0.014402910556067185,parcial_lt_050,sin_observacion_viirs,conservar_nulos_y_excluir_solo_del_subconjunto_analitico
1363,LJ500_R036_C097,2023,10,2023-10-01,2023-10,0.014402910556067185,parcial_lt_050,sin_observacion_viirs,conservar_nulos_y_excluir_solo_del_subconjunto_analitico
1363,LJ500_R036_C097,2023,11,2023-11-01,2023-11,0.014402910556067185,parcial_lt_050,sin_observacion_viirs,conservar_nulos_y_excluir_solo_del_subconjunto_analitico
1363,LJ500_R036_C097,2023,12,2023-12-01,2023-12,0.014402910556067185,parcial_lt_050,sin_observacion_viirs,conservar_nulos_y_excluir_solo_del_subconjunto_analitico
2252,LJ500_R055_C047,2023,1,2023-01-01,2023-01,0.001045397965629738,parcial_lt_050,sin_observacion_viirs,conservar_nulos_y_excluir_solo_del_subconjunto_analitico
2252,LJ500_R055_C047,2023,2,2023-02-01,2023-02,0.001045397965629738,parcial_lt_050,sin_observacion_viirs,conservar_nulos_y_excluir_solo_del_subconjunto_analitico
2252,LJ500_R055_C047,2023,3,2023-03-01,2023-03,0.001045397965629738,parcial_lt_050,sin_observacion_viirs,conservar_nulos_y_excluir_solo_del_subconjunto_analitico
2252,LJ500_R055_C047,2023,4,2023-04-01,2023-04,0.001045397965629738,parcial_lt_050,sin_observacion_viirs,conservar_nulos_y_excluir_solo_del_subconjunto_analitico
2252,LJ500_R055_C047,2023,5,2023-05-01,2023-05,0.001045397965629738,parcial_lt_050,sin_observacion_viirs,conservar_nulos_y_excluir_solo_del_subconjunto_analitico
2252,LJ500_R055_C047,2023,6,2023-06-01,2023-06,0.001045397965629738,parcial_lt_050,sin_observacion_viirs,conservar_nulos_y_excluir_solo_del_subconjunto_analitico
2252,LJ500_R055_C047,2023,7,2023-07-01,2023-07,0.001045397965629738,parcial_lt_050,sin_observacion_viirs,conservar_nulos_y_excluir_solo_del_subconjunto_analitico
2252,LJ500_R055_C047,2023,8,2023-08-01,2023-08,0.001045397965629738,parcial_lt_050,sin_observacion_viirs,conservar_nulos_y_excluir_solo_del_subconjunto_analitico
2252,LJ500_R055_C047,2023,9,2023-09-01,2023-09,0.001045397965629738,parcial_lt_050,sin_observacion_viirs,conservar_nulos_y_excluir_solo_del_subconjunto_analitico
2252,LJ500_R055_C047,2023,10,2023-10-01,2023-10,0.001045397965629738,parcial_lt_050,sin_observacion_viirs,conservar_nulos_y_excluir_solo_del_subconjunto_analitico
2252,LJ500_R055_C047,2023,11,2023-11-01,2023-11,0.001045397965629738,parcial_lt_050,sin_observacion_viirs,conservar_nulos_y_excluir_solo_del_subconjunto_analitico
2252,LJ500_R055_C047,2023,12,2023-12-01,2023-12,0.001045397965629738,parcial_lt_050,sin_observacion_viirs,conservar_nulos_y_excluir_solo_del_subconjunto_analitico
2721,LJ500_R063_C098,2023,1,2023-01-01,2023-01,0.019932968456000767,parcial_lt_050,sin_observacion_viirs,conservar_nulos_y_excluir_solo_del_subconjunto_analitico
2721,LJ500_R063_C098,2023,2,2023-02-01,2023-02,0.019932968456000767,parcial_lt_050,sin_observacion_viirs,conservar_nulos_y_excluir_solo_del_subconjunto_analitico
2721,LJ500_R063_C098,2023,3,2023-03-01,2023-03,0.019932968456000767,parcial_lt_050,sin_observacion_viirs,conservar_nulos_y_excluir_solo_del_subconjunto_analitico
2721,LJ500_R063_C098,2023,4,2023-04-01,2023-04,0.019932968456000767,parcial_lt_050,sin_observacion_viirs,conservar_nulos_y_excluir_solo_del_subconjunto_analitico
2721,LJ500_R063_C098,2023,5,2023-05-01,2023-05,0.019932968456000767,parcial_lt_050,sin_observacion_viirs,conservar_nulos_y_excluir_solo_del_subconjunto_analitico
2721,LJ500_R063_C098,2023,6,2023-06-01,2023-06,0.019932968456000767,parcial_lt_050,sin_observacion_viirs,conservar_nulos_y_excluir_solo_del_subconjunto_analitico
2721,LJ500_R063_C098,2023,7,2023-07-01,2023-07,0.019932968456000767,parcial_lt_050,sin_observacion_viirs,conservar_nulos_y_excluir_solo_del_subconjunto_analitico
2721,LJ500_R063_C098,2023,8,2023-08-01,2023-08,0.019932968456000767,parcial_lt_050,sin_observacion_viirs,conservar_nulos_y_excluir_solo_del_subconjunto_analitico
2721,LJ500_R063_C098,2023,9,2023-09-01,2023-09,0.019932968456000767,parcial_lt_050,sin_observacion_viirs,conservar_nulos_y_excluir_solo_del_subconjunto_analitico
2721,LJ500_R063_C098,2023,10,2023-10-01,2023-10,0.019932968456000767,parcial_lt_050,sin_observacion_viirs,conservar_nulos_y_excluir_solo_del_subconjunto_analitico
2721,LJ500_R063_C098,2023,11,2023-11-01,2023-11,0.019932968456000767,parcial_lt_050,sin_observacion_viirs,conservar_nulos_y_excluir_solo_del_subconjunto_analitico
2721,LJ500_R063_C098,2023,12,2023-12-01,2023-12,0.019932968456000767,parcial_lt_050,sin_observacion_viirs,conservar_nulos_y_excluir_solo_del_subconjunto_analitico
2877,LJ500_R067_C048,2023,1,2023-01-01,2023-01,0.011608882380278497,parcial_lt_050,sin_observacion_viirs,conservar_nulos_y_excluir_solo_del_subconjunto_analitico
2877,LJ500_R067_C048,2023,2,2023-02-01,2023-02,0.011608882380278497,parcial_lt_050,sin_observacion_viirs,conservar_nulos_y_excluir_solo_del_subconjunto_analitico
2877,LJ500_R067_C048,2023,3,2023-03-01,2023-03,0.011608882380278497,parcial_lt_050,sin_observacion_viirs,conservar_nulos_y_excluir_solo_del_subconjunto_analitico
2877,LJ500_R067_C048,2023,4,2023-04-01,2023-04,0.011608882380278497,parcial_lt_050,sin_observacion_viirs,conservar_nulos_y_excluir_solo_del_subconjunto_analitico
2877,LJ500_R067_C048,2023,5,2023-05-01,2023-05,0.011608882380278497,parcial_lt_050,sin_observacion_viirs,conservar_nulos_y_excluir_solo_del_subconjunto_analitico
2877,LJ500_R067_C048,2023,6,2023-06-01,2023-06,0.011608882380278497,parcial_lt_050,sin_observacion_viirs,conservar_nulos_y_excluir_solo_del_subconjunto_analitico
2877,LJ500_R067_C048,2023,7,2023-07-01,2023-07,0.011608882380278497,parcial_lt_050,sin_observacion_viirs,conservar_nulos_y_excluir_solo_del_subconjunto_analitico
2877,LJ500_R067_C048,2023,8,2023-08-01,2023-08,0.011608882380278497,parcial_lt_050,sin_observacion_viirs,conservar_nulos_y_excluir_solo_del_subconjunto_analitico
2877,LJ500_R067_C048,2023,9,2023-09-01,2023-09,0.011608882380278497,parcial_lt_050,sin_observacion_viirs,conservar_nulos_y_excluir_solo_del_subconjunto_analitico
2877,LJ500_R067_C048,2023,10,2023-10-01,2023-10,0.011608882380278497,parcial_lt_050,sin_observacion_viirs,conservar_nulos_y_excluir_solo_del_subconjunto_analitico
2877,LJ500_R067_C048,2023,11,2023-11-01,2023-11,0.011608882380278497,parcial_lt_050,sin_observacion_viirs,conservar_nulos_y_excluir_solo_del_subconjunto_analitico
2877,LJ500_R067_C048,2023,12,2023-12-01,2023-12,0.011608882380278497,parcial_lt_050,sin_observacion_viirs,conservar_nulos_y_excluir_solo_del_subconjunto_analitico
3129,LJ500_R072_C049,2023,1,2023-01-01,2023-01,0.0010157142855527978,parcial_lt_050,sin_observacion_viirs,conservar_nulos_y_excluir_solo_del_subconjunto_analitico
3129,LJ500_R072_C049,2023,2,2023-02-01,2023-02,0.0010157142855527978,parcial_lt_050,sin_observacion_viirs,conservar_nulos_y_excluir_solo_del_subconjunto_analitico
3129,LJ500_R072_C049,2023,3,2023-03-01,2023-03,0.0010157142855527978,parcial_lt_050,sin_observacion_viirs,conservar_nulos_y_excluir_solo_del_subconjunto_analitico
3129,LJ500_R072_C049,2023,4,2023-04-01,2023-04,0.0010157142855527978,parcial_lt_050,sin_observacion_viirs,conservar_nulos_y_excluir_solo_del_subconjunto_analitico
3129,LJ500_R072_C049,2023,5,2023-05-01,2023-05,0.0010157142855527978,parcial_lt_050,sin_observacion_viirs,conservar_nulos_y_excluir_solo_del_subconjunto_analitico
3129,LJ500_R072_C049,2023,6,2023-06-01,2023-06,0.0010157142855527978,parcial_lt_050,sin_observacion_viirs,conservar_nulos_y_excluir_solo_del_subconjunto_analitico
3129,LJ500_R072_C049,2023,7,2023-07-01,2023-07,0.0010157142855527978,parcial_lt_050,sin_observacion_viirs,conservar_nulos_y_excluir_solo_del_subconjunto_analitico
3129,LJ500_R072_C049,2023,8,2023-08-01,2023-08,0.0010157142855527978,parcial_lt_050,sin_observacion_viirs,conservar_nulos_y_excluir_solo_del_subconjunto_analitico
3129,LJ500_R072_C049,2023,9,2023-09-01,2023-09,0.0010157142855527978,parcial_lt_050,sin_observacion_viirs,conservar_nulos_y_excluir_solo_del_subconjunto_analitico
3129,LJ500_R072_C049,2023,10,2023-10-01,2023-10,0.0010157142855527978,parcial_lt_050,sin_observacion_viirs,conservar_nulos_y_excluir_solo_del_subconjunto_analitico
3129,LJ500_R072_C049,2023,11,2023-11-01,2023-11,0.0010157142855527978,parcial_lt_050,sin_observacion_viirs,conservar_nulos_y_excluir_solo_del_subconjunto_analitico
3129,LJ500_R072_C049,2023,12,2023-12-01,2023-12,0.0010157142855527978,parcial_lt_050,sin_observacion_viirs,conservar_nulos_y_excluir_solo_del_subconjunto_analitico
3225,LJ500_R073_C097,2023,1,2023-01-01,2023-01,0.0046964832118009045,parcial_lt_050,sin_observacion_viirs,conservar_nulos_y_excluir_solo_del_subconjunto_analitico
3225,LJ500_R073_C097,2023,2,2023-02-01,2023-02,0.0046964832118009045,parcial_lt_050,sin_observacion_viirs,conservar_nulos_y_excluir_solo_del_subconjunto_analitico
3225,LJ500_R073_C097,2023,3,2023-03-01,2023-03,0.0046964832118009045,parcial_lt_050,sin_observacion_viirs,conservar_nulos_y_excluir_solo_del_subconjunto_analitico
3225,LJ500_R073_C097,2023,4,2023-04-01,2023-04,0.0046964832118009045,parcial_lt_050,sin_observacion_viirs,conservar_nulos_y_excluir_solo_del_subconjunto_analitico
3225,LJ500_R073_C097,2023,5,2023-05-01,2023-05,0.0046964832118009045,parcial_lt_050,sin_observacion_viirs,conservar_nulos_y_excluir_solo_del_subconjunto_analitico
3225,LJ500_R073_C097,2023,6,2023-06-01,2023-06,0.0046964832118009045,parcial_lt_050,sin_observacion_viirs,conservar_nulos_y_excluir_solo_del_subconjunto_analitico
3225,LJ500_R073_C097,2023,7,2023-07-01,2023-07,0.0046964832118009045,parcial_lt_050,sin_observacion_viirs,conservar_nulos_y_excluir_solo_del_subconjunto_analitico
3225,LJ500_R073_C097,2023,8,2023-08-01,2023-08,0.0046964832118009045,parcial_lt_050,sin_observacion_viirs,conservar_nulos_y_excluir_solo_del_subconjunto_analitico
3225,LJ500_R073_C097,2023,9,2023-09-01,2023-09,0.0046964832118009045,parcial_lt_050,sin_observacion_viirs,conservar_nulos_y_excluir_solo_del_subconjunto_analitico
3225,LJ500_R073_C097,2023,10,2023-10-01,2023-10,0.0046964832118009045,parcial_lt_050,sin_observacion_viirs,conservar_nulos_y_excluir_solo_del_subconjunto_analitico
3225,LJ500_R073_C097,2023,11,2023-11-01,2023-11,0.0046964832118009045,parcial_lt_050,sin_observacion_viirs,conservar_nulos_y_excluir_solo_del_subconjunto_analitico
3225,LJ500_R073_C097,2023,12,2023-12-01,2023-12,0.0046964832118009045,parcial_lt_050,sin_observacion_viirs,conservar_nulos_y_excluir_solo_del_subconjunto_analitico
3268,LJ500_R074_C095,2023,1,2023-01-01,2023-01,0.009390903536310169,parcial_lt_050,sin_observacion_viirs,conservar_nulos_y_excluir_solo_del_subconjunto_analitico
3268,LJ500_R074_C095,2023,2,2023-02-01,2023-02,0.009390903536310169,parcial_lt_050,sin_observacion_viirs,conservar_nulos_y_excluir_solo_del_subconjunto_analitico
3268,LJ500_R074_C095,2023,3,2023-03-01,2023-03,0.009390903536310169,parcial_lt_050,sin_observacion_viirs,conservar_nulos_y_excluir_solo_del_subconjunto_analitico
3268,LJ500_R074_C095,2023,4,2023-04-01,2023-04,0.009390903536310169,parcial_lt_050,sin_observacion_viirs,conservar_nulos_y_excluir_solo_del_subconjunto_analitico
3268,LJ500_R074_C095,2023,5,2023-05-01,2023-05,0.009390903536310169,parcial_lt_050,sin_observacion_viirs,conservar_nulos_y_excluir_solo_del_subconjunto_analitico
3268,LJ500_R074_C095,2023,6,2023-06-01,2023-06,0.009390903536310169,parcial_lt_050,sin_observacion_viirs,conservar_nulos_y_excluir_solo_del_subconjunto_analitico
3268,LJ500_R074_C095,2023,7,2023-07-01,2023-07,0.009390903536310169,parcial_lt_050,sin_observacion_viirs,conservar_nulos_y_excluir_solo_del_subconjunto_analitico
3268,LJ500_R074_C095,2023,8,2023-08-01,2023-08,0.009390903536310169,parcial_lt_050,sin_observacion_viirs,conservar_nulos_y_excluir_solo_del_subconjunto_analitico
3268,LJ500_R074_C095,2023,9,2023-09-01,2023-09,0.009390903536310169,parcial_lt_050,sin_observacion_viirs,conservar_nulos_y_excluir_solo_del_subconjunto_analitico
3268,LJ500_R074_C095,2023,10,2023-10-01,2023-10,0.009390903536310169,parcial_lt_050,sin_observacion_viirs,conservar_nulos_y_excluir_solo_del_subconjunto_analitico
3268,LJ500_R074_C095,2023,11,2023-11-01,2023-11,0.009390903536310169,parcial_lt_050,sin_observacion_viirs,conservar_nulos_y_excluir_solo_del_subconjunto_analitico
3268,LJ500_R074_C095,2023,12,2023-12-01,2023-12,0.009390903536310169,parcial_lt_050,sin_observacion_viirs,conservar_nulos_y_excluir_solo_del_subconjunto_analitico
3350,LJ500_R076_C094,2023,1,2023-01-01,2023-01,0.0028531288358509153,parcial_lt_050,sin_observacion_viirs,conservar_nulos_y_excluir_solo_del_subconjunto_analitico
3350,LJ500_R076_C094,2023,2,2023-02-01,2023-02,0.0028531288358509153,parcial_lt_050,sin_observacion_viirs,conservar_nulos_y_excluir_solo_del_subconjunto_analitico
3350,LJ500_R076_C094,2023,3,2023-03-01,2023-03,0.0028531288358509153,parcial_lt_050,sin_observacion_viirs,conservar_nulos_y_excluir_solo_del_subconjunto_analitico
3350,LJ500_R076_C094,2023,4,2023-04-01,2023-04,0.0028531288358509153,parcial_lt_050,sin_observacion_viirs,conservar_nulos_y_excluir_solo_del_subconjunto_analitico
3350,LJ500_R076_C094,2023,5,2023-05-01,2023-05,0.0028531288358509153,parcial_lt_050,sin_observacion_viirs,conservar_nulos_y_excluir_solo_del_subconjunto_analitico
3350,LJ500_R076_C094,2023,6,2023-06-01,2023-06,0.0028531288358509153,parcial_lt_050,sin_observacion_viirs,conservar_nulos_y_excluir_solo_del_subconjunto_analitico
3350,LJ500_R076_C094,2023,7,2023-07-01,2023-07,0.0028531288358509153,parcial_lt_050,sin_observacion_viirs,conservar_nulos_y_excluir_solo_del_subconjunto_analitico
3350,LJ500_R076_C094,2023,8,2023-08-01,2023-08,0.0028531288358509153,parcial_lt_050,sin_observacion_viirs,conservar_nulos_y_excluir_solo_del_subconjunto_analitico
3350,LJ500_R076_C094,2023,9,2023-09-01,2023-09,0.0028531288358509153,parcial_lt_050,sin_observacion_viirs,conservar_nulos_y_excluir_solo_del_subconjunto_analitico
3350,LJ500_R076_C094,2023,10,2023-10-01,2023-10,0.0028531288358509153,parcial_lt_050,sin_observacion_viirs,conservar_nulos_y_excluir_solo_del_subconjunto_analitico
3350,LJ500_R076_C094,2023,11,2023-11-01,2023-11,0.0028531288358509153,parcial_lt_050,sin_observacion_viirs,conservar_nulos_y_excluir_solo_del_subconjunto_analitico
3350,LJ500_R076_C094,2023,12,2023-12-01,2023-12,0.0028531288358509153,parcial_lt_050,sin_observacion_viirs,conservar_nulos_y_excluir_solo_del_subconjunto_analitico
3475,LJ500_R081_C061,2023,1,2023-01-01,2023-01,0.004971344024012391,parcial_lt_050,sin_observacion_viirs,conservar_nulos_y_excluir_solo_del_subconjunto_analitico
3475,LJ500_R081_C061,2023,2,2023-02-01,2023-02,0.004971344024012391,parcial_lt_050,sin_observacion_viirs,conservar_nulos_y_excluir_solo_del_subconjunto_analitico
3475,LJ500_R081_C061,2023,3,2023-03-01,2023-03,0.004971344024012391,parcial_lt_050,sin_observacion_viirs,conservar_nulos_y_excluir_solo_del_subconjunto_analitico
3475,LJ500_R081_C061,2023,4,2023-04-01,2023-04,0.004971344024012391,parcial_lt_050,sin_observacion_viirs,conservar_nulos_y_excluir_solo_del_subconjunto_analitico
3475,LJ500_R081_C061,2023,5,2023-05-01,2023-05,0.004971344024012391,parcial_lt_050,sin_observacion_viirs,conservar_nulos_y_excluir_solo_del_subconjunto_analitico
3475,LJ500_R081_C061,2023,6,2023-06-01,2023-06,0.004971344024012391,parcial_lt_050,sin_observacion_viirs,conservar_nulos_y_excluir_solo_del_subconjunto_analitico
3475,LJ500_R081_C061,2023,7,2023-07-01,2023-07,0.004971344024012391,parcial_lt_050,sin_observacion_viirs,conservar_nulos_y_excluir_solo_del_subconjunto_analitico
3475,LJ500_R081_C061,2023,8,2023-08-01,2023-08,0.004971344024012391,parcial_lt_050,sin_observacion_viirs,conservar_nulos_y_excluir_solo_del_subconjunto_analitico
3475,LJ500_R081_C061,2023,9,2023-09-01,2023-09,0.004971344024012391,parcial_lt_050,sin_observacion_viirs,conservar_nulos_y_excluir_solo_del_subconjunto_analitico
3475,LJ500_R081_C061,2023,10,2023-10-01,2023-10,0.004971344024012391,parcial_lt_050,sin_observacion_viirs,conservar_nulos_y_excluir_solo_del_subconjunto_analitico
3475,LJ500_R081_C061,2023,11,2023-11-01,2023-11,0.004971344024012391,parcial_lt_050,sin_observacion_viirs,conservar_nulos_y_excluir_solo_del_subconjunto_analitico
3475,LJ500_R081_C061,2023,12,2023-12-01,2023-12,0.004971344024012391,parcial_lt_050,sin_observacion_viirs,conservar_nulos_y_excluir_solo_del_subconjunto_analitico
3476,LJ500_R081_C062,2023,1,2023-01-01,2023-01,0.07921695357032776,parcial_lt_050,sin_observacion_viirs,conservar_nulos_y_excluir_solo_del_subconjunto_analitico
3476,LJ500_R081_C062,2023,2,2023-02-01,2023-02,0.07921695357032776,parcial_lt_050,sin_observacion_viirs,conservar_nulos_y_excluir_solo_del_subconjunto_analitico
3476,LJ500_R081_C062,2023,3,2023-03-01,2023-03,0.07921695357032776,parcial_lt_050,sin_observacion_viirs,conservar_nulos_y_excluir_solo_del_subconjunto_analitico
3476,LJ500_R081_C062,2023,4,2023-04-01,2023-04,0.07921695357032776,parcial_lt_050,sin_observacion_viirs,conservar_nulos_y_excluir_solo_del_subconjunto_analitico
3476,LJ500_R081_C062,2023,5,2023-05-01,2023-05,0.07921695357032776,parcial_lt_050,sin_observacion_viirs,conservar_nulos_y_excluir_solo_del_subconjunto_analitico
3476,LJ500_R081_C062,2023,6,2023-06-01,2023-06,0.07921695357032776,parcial_lt_050,sin_observacion_viirs,conservar_nulos_y_excluir_solo_del_subconjunto_analitico
3476,LJ500_R081_C062,2023,7,2023-07-01,2023-07,0.07921695357032776,parcial_lt_050,sin_observacion_viirs,conservar_nulos_y_excluir_solo_del_subconjunto_analitico
3476,LJ500_R081_C062,2023,8,2023-08-01,2023-08,0.07921695357032776,parcial_lt_050,sin_observacion_viirs,conservar_nulos_y_excluir_solo_del_subconjunto_analitico
3476,LJ500_R081_C062,2023,9,2023-09-01,2023-09,0.07921695357032776,parcial_lt_050,sin_observacion_viirs,conservar_nulos_y_excluir_solo_del_subconjunto_analitico
3476,LJ500_R081_C062,2023,10,2023-10-01,2023-10,0.07921695357032776,parcial_lt_050,sin_observacion_viirs,conservar_nulos_y_excluir_solo_del_subconjunto_analitico
3476,LJ500_R081_C062,2023,11,2023-11-01,2023-11,0.07921695357032776,parcial_lt_050,sin_observacion_viirs,conservar_nulos_y_excluir_solo_del_subconjunto_analitico
3476,LJ500_R081_C062,2023,12,2023-12-01,2023-12,0.07921695357032776,parcial_lt_050,sin_observacion_viirs,conservar_nulos_y_excluir_solo_del_subconjunto_analitico
3477,LJ500_R081_C063,2023,1,2023-01-01,2023-01,0.10827577846265445,parcial_lt_050,sin_observacion_viirs,conservar_nulos_y_excluir_solo_del_subconjunto_analitico
3477,LJ500_R081_C063,2023,2,2023-02-01,2023-02,0.10827577846265445,parcial_lt_050,sin_observacion_viirs,conservar_nulos_y_excluir_solo_del_subconjunto_analitico
3477,LJ500_R081_C063,2023,3,2023-03-01,2023-03,0.10827577846265445,parcial_lt_050,sin_observacion_viirs,conservar_nulos_y_excluir_solo_del_subconjunto_analitico
3477,LJ500_R081_C063,2023,4,2023-04-01,2023-04,0.10827577846265445,parcial_lt_050,sin_observacion_viirs,conservar_nulos_y_excluir_solo_del_subconjunto_analitico
3477,LJ500_R081_C063,2023,5,2023-05-01,2023-05,0.10827577846265445,parcial_lt_050,sin_observacion_viirs,conservar_nulos_y_excluir_solo_del_subconjunto_analitico
3477,LJ500_R081_C063,2023,6,2023-06-01,2023-06,0.10827577846265445,parcial_lt_050,sin_observacion_viirs,conservar_nulos_y_excluir_solo_del_subconjunto_analitico
3477,LJ500_R081_C063,2023,7,2023-07-01,2023-07,0.10827577846265445,parcial_lt_050,sin_observacion_viirs,conservar_nulos_y_excluir_solo_del_subconjunto_analitico
3477,LJ500_R081_C063,2023,8,2023-08-01,2023-08,0.10827577846265445,parcial_lt_050,sin_observacion_viirs,conservar_nulos_y_excluir_solo_del_subconjunto_analitico
3477,LJ500_R081_C063,2023,9,2023-09-01,2023-09,0.10827577846265445,parcial_lt_050,sin_observacion_viirs,conservar_nulos_y_excluir_solo_del_subconjunto_analitico
3477,LJ500_R081_C063,2023,10,2023-10-01,2023-10,0.10827577846265445,parcial_lt_050,sin_observacion_viirs,conservar_nulos_y_excluir_solo_del_subconjunto_analitico
3477,LJ500_R081_C063,2023,11,2023-11-01,2023-11,0.10827577846265445,parcial_lt_050,sin_observacion_viirs,conservar_nulos_y_excluir_solo_del_subconjunto_analitico
3477,LJ500_R081_C063,2023,12,2023-12-01,2023-12,0.10827577846265445,parcial_lt_050,sin_observacion_viirs,conservar_nulos_y_excluir_solo_del_subconjunto_analitico
3478,LJ500_R081_C064,2023,1,2023-01-01,2023-01,0.042340773969442885,parcial_lt_050,sin_observacion_viirs,conservar_nulos_y_excluir_solo_del_subconjunto_analitico
3478,LJ500_R081_C064,2023,2,2023-02-01,2023-02,0.042340773969442885,parcial_lt_050,sin_observacion_viirs,conservar_nulos_y_excluir_solo_del_subconjunto_analitico
3478,LJ500_R081_C064,2023,3,2023-03-01,2023-03,0.042340773969442885,parcial_lt_050,sin_observacion_viirs,conservar_nulos_y_excluir_solo_del_subconjunto_analitico
3478,LJ500_R081_C064,2023,4,2023-04-01,2023-04,0.042340773969442885,parcial_lt_050,sin_observacion_viirs,conservar_nulos_y_excluir_solo_del_subconjunto_analitico
3478,LJ500_R081_C064,2023,5,2023-05-01,2023-05,0.042340773969442885,parcial_lt_050,sin_observacion_viirs,conservar_nulos_y_excluir_solo_del_subconjunto_analitico
3478,LJ500_R081_C064,2023,6,2023-06-01,2023-06,0.042340773969442885,parcial_lt_050,sin_observacion_viirs,conservar_nulos_y_excluir_solo_del_subconjunto_analitico
3478,LJ500_R081_C064,2023,7,2023-07-01,2023-07,0.042340773969442885,parcial_lt_050,sin_observacion_viirs,conservar_nulos_y_excluir_solo_del_subconjunto_analitico
3478,LJ500_R081_C064,2023,8,2023-08-01,2023-08,0.042340773969442885,parcial_lt_050,sin_observacion_viirs,conservar_nulos_y_excluir_solo_del_subconjunto_analitico
3478,LJ500_R081_C064,2023,9,2023-09-01,2023-09,0.042340773969442885,parcial_lt_050,sin_observacion_viirs,conservar_nulos_y_excluir_solo_del_subconjunto_analitico
3478,LJ500_R081_C064,2023,10,2023-10-01,2023-10,0.042340773969442885,parcial_lt_050,sin_observacion_viirs,conservar_nulos_y_excluir_solo_del_subconjunto_analitico
3478,LJ500_R081_C064,2023,11,2023-11-01,2023-11,0.042340773969442885,parcial_lt_050,sin_observacion_viirs,conservar_nulos_y_excluir_solo_del_subconjunto_analitico
3478,LJ500_R081_C064,2023,12,2023-12-01,2023-12,0.042340773969442885,parcial_lt_050,sin_observacion_viirs,conservar_nulos_y_excluir_solo_del_subconjunto_analitico
3479,LJ500_R081_C065,2023,1,2023-01-01,2023-01,0.018161994383344086,parcial_lt_050,sin_observacion_viirs,conservar_nulos_y_excluir_solo_del_subconjunto_analitico
3479,LJ500_R081_C065,2023,2,2023-02-01,2023-02,0.018161994383344086,parcial_lt_050,sin_observacion_viirs,conservar_nulos_y_excluir_solo_del_subconjunto_analitico
3479,LJ500_R081_C065,2023,3,2023-03-01,2023-03,0.018161994383344086,parcial_lt_050,sin_observacion_viirs,conservar_nulos_y_excluir_solo_del_subconjunto_analitico
3479,LJ500_R081_C065,2023,4,2023-04-01,2023-04,0.018161994383344086,parcial_lt_050,sin_observacion_viirs,conservar_nulos_y_excluir_solo_del_subconjunto_analitico
3479,LJ500_R081_C065,2023,5,2023-05-01,2023-05,0.018161994383344086,parcial_lt_050,sin_observacion_viirs,conservar_nulos_y_excluir_solo_del_subconjunto_analitico
3479,LJ500_R081_C065,2023,6,2023-06-01,2023-06,0.018161994383344086,parcial_lt_050,sin_observacion_viirs,conservar_nulos_y_excluir_solo_del_subconjunto_analitico
3479,LJ500_R081_C065,2023,7,2023-07-01,2023-07,0.018161994383344086,parcial_lt_050,sin_observacion_viirs,conservar_nulos_y_excluir_solo_del_subconjunto_analitico
3479,LJ500_R081_C065,2023,8,2023-08-01,2023-08,0.018161994383344086,parcial_lt_050,sin_observacion_viirs,conservar_nulos_y_excluir_solo_del_subconjunto_analitico
3479,LJ500_R081_C065,2023,9,2023-09-01,2023-09,0.018161994383344086,parcial_lt_050,sin_observacion_viirs,conservar_nulos_y_excluir_solo_del_subconjunto_analitico
3479,LJ500_R081_C065,2023,10,2023-10-01,2023-10,0.018161994383344086,parcial_lt_050,sin_observacion_viirs,conservar_nulos_y_excluir_solo_del_subconjunto_analitico
3479,LJ500_R081_C065,2023,11,2023-11-01,2023-11,0.018161994383344086,parcial_lt_050,sin_observacion_viirs,conservar_nulos_y_excluir_solo_del_subconjunto_analitico
3479,LJ500_R081_C065,2023,12,2023-12-01,2023-12,0.018161994383344086,parcial_lt_050,sin_observacion_viirs,conservar_nulos_y_excluir_solo_del_subconjunto_analitico
3524,LJ500_R083_C066,2023,1,2023-01-01,2023-01,0.00015412330795956222,parcial_lt_050,sin_observacion_viirs,conservar_nulos_y_excluir_solo_del_subconjunto_analitico
3524,LJ500_R083_C066,2023,2,2023-02-01,2023-02,0.00015412330795956222,parcial_lt_050,sin_observacion_viirs,conservar_nulos_y_excluir_solo_del_subconjunto_analitico
3524,LJ500_R083_C066,2023,3,2023-03-01,2023-03,0.00015412330795956222,parcial_lt_050,sin_observacion_viirs,conservar_nulos_y_excluir_solo_del_subconjunto_analitico
3524,LJ500_R083_C066,2023,4,2023-04-01,2023-04,0.00015412330795956222,parcial_lt_050,sin_observacion_viirs,conservar_nulos_y_excluir_solo_del_subconjunto_analitico
3524,LJ500_R083_C066,2023,5,2023-05-01,2023-05,0.00015412330795956222,parcial_lt_050,sin_observacion_viirs,conservar_nulos_y_excluir_solo_del_subconjunto_analitico
3524,LJ500_R083_C066,2023,6,2023-06-01,2023-06,0.00015412330795956222,parcial_lt_050,sin_observacion_viirs,conservar_nulos_y_excluir_solo_del_subconjunto_analitico
3524,LJ500_R083_C066,2023,7,2023-07-01,2023-07,0.00015412330795956222,parcial_lt_050,sin_observacion_viirs,conservar_nulos_y_excluir_solo_del_subconjunto_analitico
3524,LJ500_R083_C066,2023,8,2023-08-01,2023-08,0.00015412330795956222,parcial_lt_050,sin_observacion_viirs,conservar_nulos_y_excluir_solo_del_subconjunto_analitico
3524,LJ500_R083_C066,2023,9,2023-09-01,2023-09,0.00015412330795956222,parcial_lt_050,sin_observacion_viirs,conservar_nulos_y_excluir_solo_del_subconjunto_analitico
3524,LJ500_R083_C066,2023,10,2023-10-01,2023-10,0.00015412330795956222,parcial_lt_050,sin_observacion_viirs,conservar_nulos_y_excluir_solo_del_subconjunto_analitico
3524,LJ500_R083_C066,2023,11,2023-11-01,2023-11,0.00015412330795956222,parcial_lt_050,sin_observacion_viirs,conservar_nulos_y_excluir_solo_del_subconjunto_analitico
3524,LJ500_R083_C066,2023,12,2023-12-01,2023-12,0.00015412330795956222,parcial_lt_050,sin_observacion_viirs,conservar_nulos_y_excluir_solo_del_subconjunto_analitico
3562,LJ500_R084_C087,2023,1,2023-01-01,2023-01,0.008335913643123305,parcial_lt_050,sin_observacion_viirs,conservar_nulos_y_excluir_solo_del_subconjunto_analitico
3562,LJ500_R084_C087,2023,2,2023-02-01,2023-02,0.008335913643123305,parcial_lt_050,sin_observacion_viirs,conservar_nulos_y_excluir_solo_del_subconjunto_analitico
3562,LJ500_R084_C087,2023,3,2023-03-01,2023-03,0.008335913643123305,parcial_lt_050,sin_observacion_viirs,conservar_nulos_y_excluir_solo_del_subconjunto_analitico
3562,LJ500_R084_C087,2023,4,2023-04-01,2023-04,0.008335913643123305,parcial_lt_050,sin_observacion_viirs,conservar_nulos_y_excluir_solo_del_subconjunto_analitico
3562,LJ500_R084_C087,2023,5,2023-05-01,2023-05,0.008335913643123305,parcial_lt_050,sin_observacion_viirs,conservar_nulos_y_excluir_solo_del_subconjunto_analitico
3562,LJ500_R084_C087,2023,6,2023-06-01,2023-06,0.008335913643123305,parcial_lt_050,sin_observacion_viirs,conservar_nulos_y_excluir_solo_del_subconjunto_analitico
3562,LJ500_R084_C087,2023,7,2023-07-01,2023-07,0.008335913643123305,parcial_lt_050,sin_observacion_viirs,conservar_nulos_y_excluir_solo_del_subconjunto_analitico
3562,LJ500_R084_C087,2023,8,2023-08-01,2023-08,0.008335913643123305,parcial_lt_050,sin_observacion_viirs,conservar_nulos_y_excluir_solo_del_subconjunto_analitico
3562,LJ500_R084_C087,2023,9,2023-09-01,2023-09,0.008335913643123305,parcial_lt_050,sin_observacion_viirs,conservar_nulos_y_excluir_solo_del_subconjunto_analitico
3562,LJ500_R084_C087,2023,10,2023-10-01,2023-10,0.008335913643123305,parcial_lt_050,sin_observacion_viirs,conservar_nulos_y_excluir_solo_del_subconjunto_analitico
3562,LJ500_R084_C087,2023,11,2023-11-01,2023-11,0.008335913643123305,parcial_lt_050,sin_observacion_viirs,conservar_nulos_y_excluir_solo_del_subconjunto_analitico
3562,LJ500_R084_C087,2023,12,2023-12-01,2023-12,0.008335913643123305,parcial_lt_050,sin_observacion_viirs,conservar_nulos_y_excluir_solo_del_subconjunto_analitico
3580,LJ500_R086_C071,2023,1,2023-01-01,2023-01,0.0014276437776813988,parcial_lt_050,sin_observacion_viirs,conservar_nulos_y_excluir_solo_del_subconjunto_analitico
3580,LJ500_R086_C071,2023,2,2023-02-01,2023-02,0.0014276437776813988,parcial_lt_050,sin_observacion_viirs,conservar_nulos_y_excluir_solo_del_subconjunto_analitico
3580,LJ500_R086_C071,2023,3,2023-03-01,2023-03,0.0014276437776813988,parcial_lt_050,sin_observacion_viirs,conservar_nulos_y_excluir_solo_del_subconjunto_analitico
3580,LJ500_R086_C071,2023,4,2023-04-01,2023-04,0.0014276437776813988,parcial_lt_050,sin_observacion_viirs,conservar_nulos_y_excluir_solo_del_subconjunto_analitico
3580,LJ500_R086_C071,2023,5,2023-05-01,2023-05,0.0014276437776813988,parcial_lt_050,sin_observacion_viirs,conservar_nulos_y_excluir_solo_del_subconjunto_analitico
3580,LJ500_R086_C071,2023,6,2023-06-01,2023-06,0.0014276437776813988,parcial_lt_050,sin_observacion_viirs,conservar_nulos_y_excluir_solo_del_subconjunto_analitico
3580,LJ500_R086_C071,2023,7,2023-07-01,2023-07,0.0014276437776813988,parcial_lt_050,sin_observacion_viirs,conservar_nulos_y_excluir_solo_del_subconjunto_analitico
3580,LJ500_R086_C071,2023,8,2023-08-01,2023-08,0.0014276437776813988,parcial_lt_050,sin_observacion_viirs,conservar_nulos_y_excluir_solo_del_subconjunto_analitico
3580,LJ500_R086_C071,2023,9,2023-09-01,2023-09,0.0014276437776813988,parcial_lt_050,sin_observacion_viirs,conservar_nulos_y_excluir_solo_del_subconjunto_analitico
3580,LJ500_R086_C071,2023,10,2023-10-01,2023-10,0.0014276437776813988,parcial_lt_050,sin_observacion_viirs,conservar_nulos_y_excluir_solo_del_subconjunto_analitico
3580,LJ500_R086_C071,2023,11,2023-11-01,2023-11,0.0014276437776813988,parcial_lt_050,sin_observacion_viirs,conservar_nulos_y_excluir_solo_del_subconjunto_analitico
3580,LJ500_R086_C071,2023,12,2023-12-01,2023-12,0.0014276437776813988,parcial_lt_050,sin_observacion_viirs,conservar_nulos_y_excluir_solo_del_subconjunto_analitico
3773,LJ500_R097_C088,2023,1,2023-01-01,2023-01,0.00013296505722281142,parcial_lt_050,sin_observacion_viirs,conservar_nulos_y_excluir_solo_del_subconjunto_analitico
3773,LJ500_R097_C088,2023,2,2023-02-01,2023-02,0.00013296505722281142,parcial_lt_050,sin_observacion_viirs,conservar_nulos_y_excluir_solo_del_subconjunto_analitico
3773,LJ500_R097_C088,2023,3,2023-03-01,2023-03,0.00013296505722281142,parcial_lt_050,sin_observacion_viirs,conservar_nulos_y_excluir_solo_del_subconjunto_analitico
3773,LJ500_R097_C088,2023,4,2023-04-01,2023-04,0.00013296505722281142,parcial_lt_050,sin_observacion_viirs,conservar_nulos_y_excluir_solo_del_subconjunto_analitico
3773,LJ500_R097_C088,2023,5,2023-05-01,2023-05,0.00013296505722281142,parcial_lt_050,sin_observacion_viirs,conservar_nulos_y_excluir_solo_del_subconjunto_analitico
3773,LJ500_R097_C088,2023,6,2023-06-01,2023-06,0.00013296505722281142,parcial_lt_050,sin_observacion_viirs,conservar_nulos_y_excluir_solo_del_subconjunto_analitico
3773,LJ500_R097_C088,2023,7,2023-07-01,2023-07,0.00013296505722281142,parcial_lt_050,sin_observacion_viirs,conservar_nulos_y_excluir_solo_del_subconjunto_analitico
3773,LJ500_R097_C088,2023,8,2023-08-01,2023-08,0.00013296505722281142,parcial_lt_050,sin_observacion_viirs,conservar_nulos_y_excluir_solo_del_subconjunto_analitico
3773,LJ500_R097_C088,2023,9,2023-09-01,2023-09,0.00013296505722281142,parcial_lt_050,sin_observacion_viirs,conservar_nulos_y_excluir_solo_del_subconjunto_analitico
3773,LJ500_R097_C088,2023,10,2023-10-01,2023-10,0.00013296505722281142,parcial_lt_050,sin_observacion_viirs,conservar_nulos_y_excluir_solo_del_subconjunto_analitico
3773,LJ500_R097_C088,2023,11,2023-11-01,2023-11,0.00013296505722281142,parcial_lt_050,sin_observacion_viirs,conservar_nulos_y_excluir_solo_del_subconjunto_analitico
3773,LJ500_R097_C088,2023,12,2023-12-01,2023-12,0.00013296505722281142,parcial_lt_050,sin_observacion_viirs,conservar_nulos_y_excluir_solo_del_subconjunto_analitico
3878,LJ500_R103_C069,2023,1,2023-01-01,2023-01,0.003689484892997986,parcial_lt_050,sin_observacion_viirs,conservar_nulos_y_excluir_solo_del_subconjunto_analitico
3878,LJ500_R103_C069,2023,2,2023-02-01,2023-02,0.003689484892997986,parcial_lt_050,sin_observacion_viirs,conservar_nulos_y_excluir_solo_del_subconjunto_analitico
3878,LJ500_R103_C069,2023,3,2023-03-01,2023-03,0.003689484892997986,parcial_lt_050,sin_observacion_viirs,conservar_nulos_y_excluir_solo_del_subconjunto_analitico
3878,LJ500_R103_C069,2023,4,2023-04-01,2023-04,0.003689484892997986,parcial_lt_050,sin_observacion_viirs,conservar_nulos_y_excluir_solo_del_subconjunto_analitico
3878,LJ500_R103_C069,2023,5,2023-05-01,2023-05,0.003689484892997986,parcial_lt_050,sin_observacion_viirs,conservar_nulos_y_excluir_solo_del_subconjunto_analitico
3878,LJ500_R103_C069,2023,6,2023-06-01,2023-06,0.003689484892997986,parcial_lt_050,sin_observacion_viirs,conservar_nulos_y_excluir_solo_del_subconjunto_analitico
3878,LJ500_R103_C069,2023,7,2023-07-01,2023-07,0.003689484892997986,parcial_lt_050,sin_observacion_viirs,conservar_nulos_y_excluir_solo_del_subconjunto_analitico
3878,LJ500_R103_C069,2023,8,2023-08-01,2023-08,0.003689484892997986,parcial_lt_050,sin_observacion_viirs,conservar_nulos_y_excluir_solo_del_subconjunto_analitico
3878,LJ500_R103_C069,2023,9,2023-09-01,2023-09,0.003689484892997986,parcial_lt_050,sin_observacion_viirs,conservar_nulos_y_excluir_solo_del_subconjunto_analitico
3878,LJ500_R103_C069,2023,10,2023-10-01,2023-10,0.003689484892997986,parcial_lt_050,sin_observacion_viirs,conservar_nulos_y_excluir_solo_del_subconjunto_analitico
3878,LJ500_R103_C069,2023,11,2023-11-01,2023-11,0.003689484892997986,parcial_lt_050,sin_observacion_viirs,conservar_nulos_y_excluir_solo_del_subconjunto_analitico
3878,LJ500_R103_C069,2023,12,2023-12-01,2023-12,0.003689484892997986,parcial_lt_050,sin_observacion_viirs,conservar_nulos_y_excluir_solo_del_subconjunto_analitico
3924,LJ500_R105_C068,2023,1,2023-01-01,2023-01,0.012867778163890262,parcial_lt_050,sin_observacion_viirs,conservar_nulos_y_excluir_solo_del_subconjunto_analitico
3924,LJ500_R105_C068,2023,2,2023-02-01,2023-02,0.012867778163890262,parcial_lt_050,sin_observacion_viirs,conservar_nulos_y_excluir_solo_del_subconjunto_analitico
3924,LJ500_R105_C068,2023,3,2023-03-01,2023-03,0.012867778163890262,parcial_lt_050,sin_observacion_viirs,conservar_nulos_y_excluir_solo_del_subconjunto_analitico
3924,LJ500_R105_C068,2023,4,2023-04-01,2023-04,0.012867778163890262,parcial_lt_050,sin_observacion_viirs,conservar_nulos_y_excluir_solo_del_subconjunto_analitico
3924,LJ500_R105_C068,2023,5,2023-05-01,2023-05,0.012867778163890262,parcial_lt_050,sin_observacion_viirs,conservar_nulos_y_excluir_solo_del_subconjunto_analitico
3924,LJ500_R105_C068,2023,6,2023-06-01,2023-06,0.012867778163890262,parcial_lt_050,sin_observacion_viirs,conservar_nulos_y_excluir_solo_del_subconjunto_analitico
3924,LJ500_R105_C068,2023,7,2023-07-01,2023-07,0.012867778163890262,parcial_lt_050,sin_observacion_viirs,conservar_nulos_y_excluir_solo_del_subconjunto_analitico
3924,LJ500_R105_C068,2023,8,2023-08-01,2023-08,0.012867778163890262,parcial_lt_050,sin_observacion_viirs,conservar_nulos_y_excluir_solo_del_subconjunto_analitico
3924,LJ500_R105_C068,2023,9,2023-09-01,2023-09,0.012867778163890262,parcial_lt_050,sin_observacion_viirs,conservar_nulos_y_excluir_solo_del_subconjunto_analitico
3924,LJ500_R105_C068,2023,10,2023-10-01,2023-10,0.012867778163890262,parcial_lt_050,sin_observacion_viirs,conservar_nulos_y_excluir_solo_del_subconjunto_analitico
3924,LJ500_R105_C068,2023,11,2023-11-01,2023-11,0.012867778163890262,parcial_lt_050,sin_observacion_viirs,conservar_nulos_y_excluir_solo_del_subconjunto_analitico
3924,LJ500_R105_C068,2023,12,2023-12-01,2023-12,0.012867778163890262,parcial_lt_050,sin_observacion_viirs,conservar_nulos_y_excluir_solo_del_subconjunto_analitico
3996,LJ500_R108_C065,2023,1,2023-01-01,2023-01,0.0038437704437304264,parcial_lt_050,sin_observacion_viirs,conservar_nulos_y_excluir_solo_del_subconjunto_analitico
3996,LJ500_R108_C065,2023,2,2023-02-01,2023-02,0.0038437704437304264,parcial_lt_050,sin_observacion_viirs,conservar_nulos_y_excluir_solo_del_subconjunto_analitico
3996,LJ500_R108_C065,2023,3,2023-03-01,2023-03,0.0038437704437304264,parcial_lt_050,sin_observacion_viirs,conservar_nulos_y_excluir_solo_del_subconjunto_analitico
3996,LJ500_R108_C065,2023,4,2023-04-01,2023-04,0.0038437704437304264,parcial_lt_050,sin_observacion_viirs,conservar_nulos_y_excluir_solo_del_subconjunto_analitico
3996,LJ500_R108_C065,2023,5,2023-05-01,2023-05,0.0038437704437304264,parcial_lt_050,sin_observacion_viirs,conservar_nulos_y_excluir_solo_del_subconjunto_analitico
3996,LJ500_R108_C065,2023,6,2023-06-01,2023-06,0.0038437704437304264,parcial_lt_050,sin_observacion_viirs,conservar_nulos_y_excluir_solo_del_subconjunto_analitico
3996,LJ500_R108_C065,2023,7,2023-07-01,2023-07,0.0038437704437304264,parcial_lt_050,sin_observacion_viirs,conservar_nulos_y_excluir_solo_del_subconjunto_analitico
3996,LJ500_R108_C065,2023,8,2023-08-01,2023-08,0.0038437704437304264,parcial_lt_050,sin_observacion_viirs,conservar_nulos_y_excluir_solo_del_subconjunto_analitico
3996,LJ500_R108_C065,2023,9,2023-09-01,2023-09,0.0038437704437304264,parcial_lt_050,sin_observacion_viirs,conservar_nulos_y_excluir_solo_del_subconjunto_analitico
3996,LJ500_R108_C065,2023,10,2023-10-01,2023-10,0.0038437704437304264,parcial_lt_050,sin_observacion_viirs,conservar_nulos_y_excluir_solo_del_subconjunto_analitico
3996,LJ500_R108_C065,2023,11,2023-11-01,2023-11,0.0038437704437304264,parcial_lt_050,sin_observacion_viirs,conservar_nulos_y_excluir_solo_del_subconjunto_analitico
3996,LJ500_R108_C065,2023,12,2023-12-01,2023-12,0.0038437704437304264,parcial_lt_050,sin_observacion_viirs,conservar_nulos_y_excluir_solo_del_subconjunto_analitico
4047,LJ500_R109_C090,2023,1,2023-01-01,2023-01,5.2612145950165335e-05,parcial_lt_050,sin_observacion_viirs,conservar_nulos_y_excluir_solo_del_subconjunto_analitico
4047,LJ500_R109_C090,2023,2,2023-02-01,2023-02,5.2612145950165335e-05,parcial_lt_050,sin_observacion_viirs,conservar_nulos_y_excluir_solo_del_subconjunto_analitico
4047,LJ500_R109_C090,2023,3,2023-03-01,2023-03,5.2612145950165335e-05,parcial_lt_050,sin_observacion_viirs,conservar_nulos_y_excluir_solo_del_subconjunto_analitico
4047,LJ500_R109_C090,2023,4,2023-04-01,2023-04,5.2612145950165335e-05,parcial_lt_050,sin_observacion_viirs,conservar_nulos_y_excluir_solo_del_subconjunto_analitico
4047,LJ500_R109_C090,2023,5,2023-05-01,2023-05,5.2612145950165335e-05,parcial_lt_050,sin_observacion_viirs,conservar_nulos_y_excluir_solo_del_subconjunto_analitico
4047,LJ500_R109_C090,2023,6,2023-06-01,2023-06,5.2612145950165335e-05,parcial_lt_050,sin_observacion_viirs,conservar_nulos_y_excluir_solo_del_subconjunto_analitico
4047,LJ500_R109_C090,2023,7,2023-07-01,2023-07,5.2612145950165335e-05,parcial_lt_050,sin_observacion_viirs,conservar_nulos_y_excluir_solo_del_subconjunto_analitico
4047,LJ500_R109_C090,2023,8,2023-08-01,2023-08,5.2612145950165335e-05,parcial_lt_050,sin_observacion_viirs,conservar_nulos_y_excluir_solo_del_subconjunto_analitico
4047,LJ500_R109_C090,2023,9,2023-09-01,2023-09,5.2612145950165335e-05,parcial_lt_050,sin_observacion_viirs,conservar_nulos_y_excluir_solo_del_subconjunto_analitico
4047,LJ500_R109_C090,2023,10,2023-10-01,2023-10,5.2612145950165335e-05,parcial_lt_050,sin_observacion_viirs,conservar_nulos_y_excluir_solo_del_subconjunto_analitico
4047,LJ500_R109_C090,2023,11,2023-11-01,2023-11,5.2612145950165335e-05,parcial_lt_050,sin_observacion_viirs,conservar_nulos_y_excluir_solo_del_subconjunto_analitico
4047,LJ500_R109_C090,2023,12,2023-12-01,2023-12,5.2612145950165335e-05,parcial_lt_050,sin_observacion_viirs,conservar_nulos_y_excluir_solo_del_subconjunto_analitico
4154,LJ500_R114_C058,2023,1,2023-01-01,2023-01,0.0023863266248509932,parcial_lt_050,sin_observacion_viirs,conservar_nulos_y_excluir_solo_del_subconjunto_analitico
4154,LJ500_R114_C058,2023,2,2023-02-01,2023-02,0.0023863266248509932,parcial_lt_050,sin_observacion_viirs,conservar_nulos_y_excluir_solo_del_subconjunto_analitico
4154,LJ500_R114_C058,2023,3,2023-03-01,2023-03,0.0023863266248509932,parcial_lt_050,sin_observacion_viirs,conservar_nulos_y_excluir_solo_del_subconjunto_analitico
4154,LJ500_R114_C058,2023,4,2023-04-01,2023-04,0.0023863266248509932,parcial_lt_050,sin_observacion_viirs,conservar_nulos_y_excluir_solo_del_subconjunto_analitico
4154,LJ500_R114_C058,2023,5,2023-05-01,2023-05,0.0023863266248509932,parcial_lt_050,sin_observacion_viirs,conservar_nulos_y_excluir_solo_del_subconjunto_analitico
4154,LJ500_R114_C058,2023,6,2023-06-01,2023-06,0.0023863266248509932,parcial_lt_050,sin_observacion_viirs,conservar_nulos_y_excluir_solo_del_subconjunto_analitico
4154,LJ500_R114_C058,2023,7,2023-07-01,2023-07,0.0023863266248509932,parcial_lt_050,sin_observacion_viirs,conservar_nulos_y_excluir_solo_del_subconjunto_analitico
4154,LJ500_R114_C058,2023,8,2023-08-01,2023-08,0.0023863266248509932,parcial_lt_050,sin_observacion_viirs,conservar_nulos_y_excluir_solo_del_subconjunto_analitico
4154,LJ500_R114_C058,2023,9,2023-09-01,2023-09,0.0023863266248509932,parcial_lt_050,sin_observacion_viirs,conservar_nulos_y_excluir_solo_del_subconjunto_analitico
4154,LJ500_R114_C058,2023,10,2023-10-01,2023-10,0.0023863266248509932,parcial_lt_050,sin_observacion_viirs,conservar_nulos_y_excluir_solo_del_subconjunto_analitico
4154,LJ500_R114_C058,2023,11,2023-11-01,2023-11,0.0023863266248509932,parcial_lt_050,sin_observacion_viirs,conservar_nulos_y_excluir_solo_del_subconjunto_analitico
4154,LJ500_R114_C058,2023,12,2023-12-01,2023-12,0.0023863266248509932,parcial_lt_050,sin_observacion_viirs,conservar_nulos_y_excluir_solo_del_subconjunto_analitico
4155,LJ500_R114_C059,2023,1,2023-01-01,2023-01,0.06950443335032205,parcial_lt_050,sin_observacion_viirs,conservar_nulos_y_excluir_solo_del_subconjunto_analitico
4155,LJ500_R114_C059,2023,2,2023-02-01,2023-02,0.06950443335032205,parcial_lt_050,sin_observacion_viirs,conservar_nulos_y_excluir_solo_del_subconjunto_analitico
4155,LJ500_R114_C059,2023,3,2023-03-01,2023-03,0.06950443335032205,parcial_lt_050,sin_observacion_viirs,conservar_nulos_y_excluir_solo_del_subconjunto_analitico
4155,LJ500_R114_C059,2023,4,2023-04-01,2023-04,0.06950443335032205,parcial_lt_050,sin_observacion_viirs,conservar_nulos_y_excluir_solo_del_subconjunto_analitico
4155,LJ500_R114_C059,2023,5,2023-05-01,2023-05,0.06950443335032205,parcial_lt_050,sin_observacion_viirs,conservar_nulos_y_excluir_solo_del_subconjunto_analitico
4155,LJ500_R114_C059,2023,6,2023-06-01,2023-06,0.06950443335032205,parcial_lt_050,sin_observacion_viirs,conservar_nulos_y_excluir_solo_del_subconjunto_analitico
4155,LJ500_R114_C059,2023,7,2023-07-01,2023-07,0.06950443335032205,parcial_lt_050,sin_observacion_viirs,conservar_nulos_y_excluir_solo_del_subconjunto_analitico
4155,LJ500_R114_C059,2023,8,2023-08-01,2023-08,0.06950443335032205,parcial_lt_050,sin_observacion_viirs,conservar_nulos_y_excluir_solo_del_subconjunto_analitico
4155,LJ500_R114_C059,2023,9,2023-09-01,2023-09,0.06950443335032205,parcial_lt_050,sin_observacion_viirs,conservar_nulos_y_excluir_solo_del_subconjunto_analitico
4155,LJ500_R114_C059,2023,10,2023-10-01,2023-10,0.06950443335032205,parcial_lt_050,sin_observacion_viirs,conservar_nulos_y_excluir_solo_del_subconjunto_analitico
4155,LJ500_R114_C059,2023,11,2023-11-01,2023-11,0.06950443335032205,parcial_lt_050,sin_observacion_viirs,conservar_nulos_y_excluir_solo_del_subconjunto_analitico
4155,LJ500_R114_C059,2023,12,2023-12-01,2023-12,0.06950443335032205,parcial_lt_050,sin_observacion_viirs,conservar_nulos_y_excluir_solo_del_subconjunto_analitico
4156,LJ500_R114_C060,2023,1,2023-01-01,2023-01,0.021357972294048087,parcial_lt_050,sin_observacion_viirs,conservar_nulos_y_excluir_solo_del_subconjunto_analitico
4156,LJ500_R114_C060,2023,2,2023-02-01,2023-02,0.021357972294048087,parcial_lt_050,sin_observacion_viirs,conservar_nulos_y_excluir_solo_del_subconjunto_analitico
4156,LJ500_R114_C060,2023,3,2023-03-01,2023-03,0.021357972294048087,parcial_lt_050,sin_observacion_viirs,conservar_nulos_y_excluir_solo_del_subconjunto_analitico
4156,LJ500_R114_C060,2023,4,2023-04-01,2023-04,0.021357972294048087,parcial_lt_050,sin_observacion_viirs,conservar_nulos_y_excluir_solo_del_subconjunto_analitico
4156,LJ500_R114_C060,2023,5,2023-05-01,2023-05,0.021357972294048087,parcial_lt_050,sin_observacion_viirs,conservar_nulos_y_excluir_solo_del_subconjunto_analitico
4156,LJ500_R114_C060,2023,6,2023-06-01,2023-06,0.021357972294048087,parcial_lt_050,sin_observacion_viirs,conservar_nulos_y_excluir_solo_del_subconjunto_analitico
4156,LJ500_R114_C060,2023,7,2023-07-01,2023-07,0.021357972294048087,parcial_lt_050,sin_observacion_viirs,conservar_nulos_y_excluir_solo_del_subconjunto_analitico
4156,LJ500_R114_C060,2023,8,2023-08-01,2023-08,0.021357972294048087,parcial_lt_050,sin_observacion_viirs,conservar_nulos_y_excluir_solo_del_subconjunto_analitico
4156,LJ500_R114_C060,2023,9,2023-09-01,2023-09,0.021357972294048087,parcial_lt_050,sin_observacion_viirs,conservar_nulos_y_excluir_solo_del_subconjunto_analitico
4156,LJ500_R114_C060,2023,10,2023-10-01,2023-10,0.021357972294048087,parcial_lt_050,sin_observacion_viirs,conservar_nulos_y_excluir_solo_del_subconjunto_analitico
4156,LJ500_R114_C060,2023,11,2023-11-01,2023-11,0.021357972294048087,parcial_lt_050,sin_observacion_viirs,conservar_nulos_y_excluir_solo_del_subconjunto_analitico
4156,LJ500_R114_C060,2023,12,2023-12-01,2023-12,0.021357972294048087,parcial_lt_050,sin_observacion_viirs,conservar_nulos_y_excluir_solo_del_subconjunto_analitico
4157,LJ500_R114_C063,2023,1,2023-01-01,2023-01,0.010103951948279235,parcial_lt_050,sin_observacion_viirs,conservar_nulos_y_excluir_solo_del_subconjunto_analitico
4157,LJ500_R114_C063,2023,2,2023-02-01,2023-02,0.010103951948279235,parcial_lt_050,sin_observacion_viirs,conservar_nulos_y_excluir_solo_del_subconjunto_analitico
4157,LJ500_R114_C063,2023,3,2023-03-01,2023-03,0.010103951948279235,parcial_lt_050,sin_observacion_viirs,conservar_nulos_y_excluir_solo_del_subconjunto_analitico
4157,LJ500_R114_C063,2023,4,2023-04-01,2023-04,0.010103951948279235,parcial_lt_050,sin_observacion_viirs,conservar_nulos_y_excluir_solo_del_subconjunto_analitico
4157,LJ500_R114_C063,2023,5,2023-05-01,2023-05,0.010103951948279235,parcial_lt_050,sin_observacion_viirs,conservar_nulos_y_excluir_solo_del_subconjunto_analitico
4157,LJ500_R114_C063,2023,6,2023-06-01,2023-06,0.010103951948279235,parcial_lt_050,sin_observacion_viirs,conservar_nulos_y_excluir_solo_del_subconjunto_analitico
4157,LJ500_R114_C063,2023,7,2023-07-01,2023-07,0.010103951948279235,parcial_lt_050,sin_observacion_viirs,conservar_nulos_y_excluir_solo_del_subconjunto_analitico
4157,LJ500_R114_C063,2023,8,2023-08-01,2023-08,0.010103951948279235,parcial_lt_050,sin_observacion_viirs,conservar_nulos_y_excluir_solo_del_subconjunto_analitico
4157,LJ500_R114_C063,2023,9,2023-09-01,2023-09,0.010103951948279235,parcial_lt_050,sin_observacion_viirs,conservar_nulos_y_excluir_solo_del_subconjunto_analitico
4157,LJ500_R114_C063,2023,10,2023-10-01,2023-10,0.010103951948279235,parcial_lt_050,sin_observacion_viirs,conservar_nulos_y_excluir_solo_del_subconjunto_analitico
4157,LJ500_R114_C063,2023,11,2023-11-01,2023-11,0.010103951948279235,parcial_lt_050,sin_observacion_viirs,conservar_nulos_y_excluir_solo_del_subconjunto_analitico
4157,LJ500_R114_C063,2023,12,2023-12-01,2023-12,0.010103951948279235,parcial_lt_050,sin_observacion_viirs,conservar_nulos_y_excluir_solo_del_subconjunto_analitico
4184,LJ500_R115_C054,2023,1,2023-01-01,2023-01,0.0018670899071565094,parcial_lt_050,sin_observacion_viirs,conservar_nulos_y_excluir_solo_del_subconjunto_analitico
4184,LJ500_R115_C054,2023,2,2023-02-01,2023-02,0.0018670899071565094,parcial_lt_050,sin_observacion_viirs,conservar_nulos_y_excluir_solo_del_subconjunto_analitico
4184,LJ500_R115_C054,2023,3,2023-03-01,2023-03,0.0018670899071565094,parcial_lt_050,sin_observacion_viirs,conservar_nulos_y_excluir_solo_del_subconjunto_analitico
4184,LJ500_R115_C054,2023,4,2023-04-01,2023-04,0.0018670899071565094,parcial_lt_050,sin_observacion_viirs,conservar_nulos_y_excluir_solo_del_subconjunto_analitico
4184,LJ500_R115_C054,2023,5,2023-05-01,2023-05,0.0018670899071565094,parcial_lt_050,sin_observacion_viirs,conservar_nulos_y_excluir_solo_del_subconjunto_analitico
4184,LJ500_R115_C054,2023,6,2023-06-01,2023-06,0.0018670899071565094,parcial_lt_050,sin_observacion_viirs,conservar_nulos_y_excluir_solo_del_subconjunto_analitico
4184,LJ500_R115_C054,2023,7,2023-07-01,2023-07,0.0018670899071565094,parcial_lt_050,sin_observacion_viirs,conservar_nulos_y_excluir_solo_del_subconjunto_analitico
4184,LJ500_R115_C054,2023,8,2023-08-01,2023-08,0.0018670899071565094,parcial_lt_050,sin_observacion_viirs,conservar_nulos_y_excluir_solo_del_subconjunto_analitico
4184,LJ500_R115_C054,2023,9,2023-09-01,2023-09,0.0018670899071565094,parcial_lt_050,sin_observacion_viirs,conservar_nulos_y_excluir_solo_del_subconjunto_analitico
4184,LJ500_R115_C054,2023,10,2023-10-01,2023-10,0.0018670899071565094,parcial_lt_050,sin_observacion_viirs,conservar_nulos_y_excluir_solo_del_subconjunto_analitico
4184,LJ500_R115_C054,2023,11,2023-11-01,2023-11,0.0018670899071565094,parcial_lt_050,sin_observacion_viirs,conservar_nulos_y_excluir_solo_del_subconjunto_analitico
4184,LJ500_R115_C054,2023,12,2023-12-01,2023-12,0.0018670899071565094,parcial_lt_050,sin_observacion_viirs,conservar_nulos_y_excluir_solo_del_subconjunto_analitico
4425,LJ500_R121_C047,2023,1,2023-01-01,2023-01,0.017076046093368488,parcial_lt_050,sin_observacion_viirs,conservar_nulos_y_excluir_solo_del_subconjunto_analitico
4425,LJ500_R121_C047,2023,2,2023-02-01,2023-02,0.017076046093368488,parcial_lt_050,sin_observacion_viirs,conservar_nulos_y_excluir_solo_del_subconjunto_analitico
4425,LJ500_R121_C047,2023,3,2023-03-01,2023-03,0.017076046093368488,parcial_lt_050,sin_observacion_viirs,conservar_nulos_y_excluir_solo_del_subconjunto_analitico
4425,LJ500_R121_C047,2023,4,2023-04-01,2023-04,0.017076046093368488,parcial_lt_050,sin_observacion_viirs,conservar_nulos_y_excluir_solo_del_subconjunto_analitico
4425,LJ500_R121_C047,2023,5,2023-05-01,2023-05,0.017076046093368488,parcial_lt_050,sin_observacion_viirs,conservar_nulos_y_excluir_solo_del_subconjunto_analitico
4425,LJ500_R121_C047,2023,6,2023-06-01,2023-06,0.017076046093368488,parcial_lt_050,sin_observacion_viirs,conservar_nulos_y_excluir_solo_del_subconjunto_analitico
4425,LJ500_R121_C047,2023,7,2023-07-01,2023-07,0.017076046093368488,parcial_lt_050,sin_observacion_viirs,conservar_nulos_y_excluir_solo_del_subconjunto_analitico
4425,LJ500_R121_C047,2023,8,2023-08-01,2023-08,0.017076046093368488,parcial_lt_050,sin_observacion_viirs,conservar_nulos_y_excluir_solo_del_subconjunto_analitico
4425,LJ500_R121_C047,2023,9,2023-09-01,2023-09,0.017076046093368488,parcial_lt_050,sin_observacion_viirs,conservar_nulos_y_excluir_solo_del_subconjunto_analitico
4425,LJ500_R121_C047,2023,10,2023-10-01,2023-10,0.017076046093368488,parcial_lt_050,sin_observacion_viirs,conservar_nulos_y_excluir_solo_del_subconjunto_analitico
4425,LJ500_R121_C047,2023,11,2023-11-01,2023-11,0.017076046093368488,parcial_lt_050,sin_observacion_viirs,conservar_nulos_y_excluir_solo_del_subconjunto_analitico
4425,LJ500_R121_C047,2023,12,2023-12-01,2023-12,0.017076046093368488,parcial_lt_050,sin_observacion_viirs,conservar_nulos_y_excluir_solo_del_subconjunto_analitico
4592,LJ500_R124_C091,2023,1,2023-01-01,2023-01,0.017234907458339183,parcial_lt_050,sin_observacion_viirs,conservar_nulos_y_excluir_solo_del_subconjunto_analitico
4592,LJ500_R124_C091,2023,2,2023-02-01,2023-02,0.017234907458339183,parcial_lt_050,sin_observacion_viirs,conservar_nulos_y_excluir_solo_del_subconjunto_analitico
4592,LJ500_R124_C091,2023,3,2023-03-01,2023-03,0.017234907458339183,parcial_lt_050,sin_observacion_viirs,conservar_nulos_y_excluir_solo_del_subconjunto_analitico
4592,LJ500_R124_C091,2023,4,2023-04-01,2023-04,0.017234907458339183,parcial_lt_050,sin_observacion_viirs,conservar_nulos_y_excluir_solo_del_subconjunto_analitico
4592,LJ500_R124_C091,2023,5,2023-05-01,2023-05,0.017234907458339183,parcial_lt_050,sin_observacion_viirs,conservar_nulos_y_excluir_solo_del_subconjunto_analitico
4592,LJ500_R124_C091,2023,6,2023-06-01,2023-06,0.017234907458339183,parcial_lt_050,sin_observacion_viirs,conservar_nulos_y_excluir_solo_del_subconjunto_analitico
4592,LJ500_R124_C091,2023,7,2023-07-01,2023-07,0.017234907458339183,parcial_lt_050,sin_observacion_viirs,conservar_nulos_y_excluir_solo_del_subconjunto_analitico
4592,LJ500_R124_C091,2023,8,2023-08-01,2023-08,0.017234907458339183,parcial_lt_050,sin_observacion_viirs,conservar_nulos_y_excluir_solo_del_subconjunto_analitico
4592,LJ500_R124_C091,2023,9,2023-09-01,2023-09,0.017234907458339183,parcial_lt_050,sin_observacion_viirs,conservar_nulos_y_excluir_solo_del_subconjunto_analitico
4592,LJ500_R124_C091,2023,10,2023-10-01,2023-10,0.017234907458339183,parcial_lt_050,sin_observacion_viirs,conservar_nulos_y_excluir_solo_del_subconjunto_analitico
4592,LJ500_R124_C091,2023,11,2023-11-01,2023-11,0.017234907458339183,parcial_lt_050,sin_observacion_viirs,conservar_nulos_y_excluir_solo_del_subconjunto_analitico
4592,LJ500_R124_C091,2023,12,2023-12-01,2023-12,0.017234907458339183,parcial_lt_050,sin_observacion_viirs,conservar_nulos_y_excluir_solo_del_subconjunto_analitico
4752,LJ500_R129_C050,2023,1,2023-01-01,2023-01,0.000527235897619636,parcial_lt_050,sin_observacion_viirs,conservar_nulos_y_excluir_solo_del_subconjunto_analitico
4752,LJ500_R129_C050,2023,2,2023-02-01,2023-02,0.000527235897619636,parcial_lt_050,sin_observacion_viirs,conservar_nulos_y_excluir_solo_del_subconjunto_analitico
4752,LJ500_R129_C050,2023,3,2023-03-01,2023-03,0.000527235897619636,parcial_lt_050,sin_observacion_viirs,conservar_nulos_y_excluir_solo_del_subconjunto_analitico
4752,LJ500_R129_C050,2023,4,2023-04-01,2023-04,0.000527235897619636,parcial_lt_050,sin_observacion_viirs,conservar_nulos_y_excluir_solo_del_subconjunto_analitico
4752,LJ500_R129_C050,2023,5,2023-05-01,2023-05,0.000527235897619636,parcial_lt_050,sin_observacion_viirs,conservar_nulos_y_excluir_solo_del_subconjunto_analitico
4752,LJ500_R129_C050,2023,6,2023-06-01,2023-06,0.000527235897619636,parcial_lt_050,sin_observacion_viirs,conservar_nulos_y_excluir_solo_del_subconjunto_analitico
4752,LJ500_R129_C050,2023,7,2023-07-01,2023-07,0.000527235897619636,parcial_lt_050,sin_observacion_viirs,conservar_nulos_y_excluir_solo_del_subconjunto_analitico
4752,LJ500_R129_C050,2023,8,2023-08-01,2023-08,0.000527235897619636,parcial_lt_050,sin_observacion_viirs,conservar_nulos_y_excluir_solo_del_subconjunto_analitico
4752,LJ500_R129_C050,2023,9,2023-09-01,2023-09,0.000527235897619636,parcial_lt_050,sin_observacion_viirs,conservar_nulos_y_excluir_solo_del_subconjunto_analitico
4752,LJ500_R129_C050,2023,10,2023-10-01,2023-10,0.000527235897619636,parcial_lt_050,sin_observacion_viirs,conservar_nulos_y_excluir_solo_del_subconjunto_analitico
4752,LJ500_R129_C050,2023,11,2023-11-01,2023-11,0.000527235897619636,parcial_lt_050,sin_observacion_viirs,conservar_nulos_y_excluir_solo_del_subconjunto_analitico
4752,LJ500_R129_C050,2023,12,2023-12-01,2023-12,0.000527235897619636,parcial_lt_050,sin_observacion_viirs,conservar_nulos_y_excluir_solo_del_subconjunto_analitico
4792,LJ500_R130_C033,2023,1,2023-01-01,2023-01,0.00448912431152434,parcial_lt_050,sin_observacion_viirs,conservar_nulos_y_excluir_solo_del_subconjunto_analitico
4792,LJ500_R130_C033,2023,2,2023-02-01,2023-02,0.00448912431152434,parcial_lt_050,sin_observacion_viirs,conservar_nulos_y_excluir_solo_del_subconjunto_analitico
4792,LJ500_R130_C033,2023,3,2023-03-01,2023-03,0.00448912431152434,parcial_lt_050,sin_observacion_viirs,conservar_nulos_y_excluir_solo_del_subconjunto_analitico
4792,LJ500_R130_C033,2023,4,2023-04-01,2023-04,0.00448912431152434,parcial_lt_050,sin_observacion_viirs,conservar_nulos_y_excluir_solo_del_subconjunto_analitico
4792,LJ500_R130_C033,2023,5,2023-05-01,2023-05,0.00448912431152434,parcial_lt_050,sin_observacion_viirs,conservar_nulos_y_excluir_solo_del_subconjunto_analitico
4792,LJ500_R130_C033,2023,6,2023-06-01,2023-06,0.00448912431152434,parcial_lt_050,sin_observacion_viirs,conservar_nulos_y_excluir_solo_del_subconjunto_analitico
4792,LJ500_R130_C033,2023,7,2023-07-01,2023-07,0.00448912431152434,parcial_lt_050,sin_observacion_viirs,conservar_nulos_y_excluir_solo_del_subconjunto_analitico
4792,LJ500_R130_C033,2023,8,2023-08-01,2023-08,0.00448912431152434,parcial_lt_050,sin_observacion_viirs,conservar_nulos_y_excluir_solo_del_subconjunto_analitico
4792,LJ500_R130_C033,2023,9,2023-09-01,2023-09,0.00448912431152434,parcial_lt_050,sin_observacion_viirs,conservar_nulos_y_excluir_solo_del_subconjunto_analitico
4792,LJ500_R130_C033,2023,10,2023-10-01,2023-10,0.00448912431152434,parcial_lt_050,sin_observacion_viirs,conservar_nulos_y_excluir_solo_del_subconjunto_analitico
4792,LJ500_R130_C033,2023,11,2023-11-01,2023-11,0.00448912431152434,parcial_lt_050,sin_observacion_viirs,conservar_nulos_y_excluir_solo_del_subconjunto_analitico
4792,LJ500_R130_C033,2023,12,2023-12-01,2023-12,0.00448912431152434,parcial_lt_050,sin_observacion_viirs,conservar_nulos_y_excluir_solo_del_subconjunto_analitico
4793,LJ500_R130_C034,2023,1,2023-01-01,2023-01,0.015014117075161728,parcial_lt_050,sin_observacion_viirs,conservar_nulos_y_excluir_solo_del_subconjunto_analitico
4793,LJ500_R130_C034,2023,2,2023-02-01,2023-02,0.015014117075161728,parcial_lt_050,sin_observacion_viirs,conservar_nulos_y_excluir_solo_del_subconjunto_analitico
4793,LJ500_R130_C034,2023,3,2023-03-01,2023-03,0.015014117075161728,parcial_lt_050,sin_observacion_viirs,conservar_nulos_y_excluir_solo_del_subconjunto_analitico
4793,LJ500_R130_C034,2023,4,2023-04-01,2023-04,0.015014117075161728,parcial_lt_050,sin_observacion_viirs,conservar_nulos_y_excluir_solo_del_subconjunto_analitico
4793,LJ500_R130_C034,2023,5,2023-05-01,2023-05,0.015014117075161728,parcial_lt_050,sin_observacion_viirs,conservar_nulos_y_excluir_solo_del_subconjunto_analitico
4793,LJ500_R130_C034,2023,6,2023-06-01,2023-06,0.015014117075161728,parcial_lt_050,sin_observacion_viirs,conservar_nulos_y_excluir_solo_del_subconjunto_analitico
4793,LJ500_R130_C034,2023,7,2023-07-01,2023-07,0.015014117075161728,parcial_lt_050,sin_observacion_viirs,conservar_nulos_y_excluir_solo_del_subconjunto_analitico
4793,LJ500_R130_C034,2023,8,2023-08-01,2023-08,0.015014117075161728,parcial_lt_050,sin_observacion_viirs,conservar_nulos_y_excluir_solo_del_subconjunto_analitico
4793,LJ500_R130_C034,2023,9,2023-09-01,2023-09,0.015014117075161728,parcial_lt_050,sin_observacion_viirs,conservar_nulos_y_excluir_solo_del_subconjunto_analitico
4793,LJ500_R130_C034,2023,10,2023-10-01,2023-10,0.015014117075161728,parcial_lt_050,sin_observacion_viirs,conservar_nulos_y_excluir_solo_del_subconjunto_analitico
4793,LJ500_R130_C034,2023,11,2023-11-01,2023-11,0.015014117075161728,parcial_lt_050,sin_observacion_viirs,conservar_nulos_y_excluir_solo_del_subconjunto_analitico
4793,LJ500_R130_C034,2023,12,2023-12-01,2023-12,0.015014117075161728,parcial_lt_050,sin_observacion_viirs,conservar_nulos_y_excluir_solo_del_subconjunto_analitico
4881,LJ500_R132_C034,2023,1,2023-01-01,2023-01,0.001164591324216984,parcial_lt_050,sin_observacion_viirs,conservar_nulos_y_excluir_solo_del_subconjunto_analitico
4881,LJ500_R132_C034,2023,2,2023-02-01,2023-02,0.001164591324216984,parcial_lt_050,sin_observacion_viirs,conservar_nulos_y_excluir_solo_del_subconjunto_analitico
4881,LJ500_R132_C034,2023,3,2023-03-01,2023-03,0.001164591324216984,parcial_lt_050,sin_observacion_viirs,conservar_nulos_y_excluir_solo_del_subconjunto_analitico
4881,LJ500_R132_C034,2023,4,2023-04-01,2023-04,0.001164591324216984,parcial_lt_050,sin_observacion_viirs,conservar_nulos_y_excluir_solo_del_subconjunto_analitico
4881,LJ500_R132_C034,2023,5,2023-05-01,2023-05,0.001164591324216984,parcial_lt_050,sin_observacion_viirs,conservar_nulos_y_excluir_solo_del_subconjunto_analitico
4881,LJ500_R132_C034,2023,6,2023-06-01,2023-06,0.001164591324216984,parcial_lt_050,sin_observacion_viirs,conservar_nulos_y_excluir_solo_del_subconjunto_analitico
4881,LJ500_R132_C034,2023,7,2023-07-01,2023-07,0.001164591324216984,parcial_lt_050,sin_observacion_viirs,conservar_nulos_y_excluir_solo_del_subconjunto_analitico
4881,LJ500_R132_C034,2023,8,2023-08-01,2023-08,0.001164591324216984,parcial_lt_050,sin_observacion_viirs,conservar_nulos_y_excluir_solo_del_subconjunto_analitico
4881,LJ500_R132_C034,2023,9,2023-09-01,2023-09,0.001164591324216984,parcial_lt_050,sin_observacion_viirs,conservar_nulos_y_excluir_solo_del_subconjunto_analitico
4881,LJ500_R132_C034,2023,10,2023-10-01,2023-10,0.001164591324216984,parcial_lt_050,sin_observacion_viirs,conservar_nulos_y_excluir_solo_del_subconjunto_analitico
4881,LJ500_R132_C034,2023,11,2023-11-01,2023-11,0.001164591324216984,parcial_lt_050,sin_observacion_viirs,conservar_nulos_y_excluir_solo_del_subconjunto_analitico
4881,LJ500_R132_C034,2023,12,2023-12-01,2023-12,0.001164591324216984,parcial_lt_050,sin_observacion_viirs,conservar_nulos_y_excluir_solo_del_subconjunto_analitico
4927,LJ500_R133_C034,2023,1,2023-01-01,2023-01,0.015961554825670295,parcial_lt_050,sin_observacion_viirs,conservar_nulos_y_excluir_solo_del_subconjunto_analitico
4927,LJ500_R133_C034,2023,2,2023-02-01,2023-02,0.015961554825670295,parcial_lt_050,sin_observacion_viirs,conservar_nulos_y_excluir_solo_del_subconjunto_analitico
4927,LJ500_R133_C034,2023,3,2023-03-01,2023-03,0.015961554825670295,parcial_lt_050,sin_observacion_viirs,conservar_nulos_y_excluir_solo_del_subconjunto_analitico
4927,LJ500_R133_C034,2023,4,2023-04-01,2023-04,0.015961554825670295,parcial_lt_050,sin_observacion_viirs,conservar_nulos_y_excluir_solo_del_subconjunto_analitico
4927,LJ500_R133_C034,2023,5,2023-05-01,2023-05,0.015961554825670295,parcial_lt_050,sin_observacion_viirs,conservar_nulos_y_excluir_solo_del_subconjunto_analitico
4927,LJ500_R133_C034,2023,6,2023-06-01,2023-06,0.015961554825670295,parcial_lt_050,sin_observacion_viirs,conservar_nulos_y_excluir_solo_del_subconjunto_analitico
4927,LJ500_R133_C034,2023,7,2023-07-01,2023-07,0.015961554825670295,parcial_lt_050,sin_observacion_viirs,conservar_nulos_y_excluir_solo_del_subconjunto_analitico
4927,LJ500_R133_C034,2023,8,2023-08-01,2023-08,0.015961554825670295,parcial_lt_050,sin_observacion_viirs,conservar_nulos_y_excluir_solo_del_subconjunto_analitico
4927,LJ500_R133_C034,2023,9,2023-09-01,2023-09,0.015961554825670295,parcial_lt_050,sin_observacion_viirs,conservar_nulos_y_excluir_solo_del_subconjunto_analitico
4927,LJ500_R133_C034,2023,10,2023-10-01,2023-10,0.015961554825670295,parcial_lt_050,sin_observacion_viirs,conservar_nulos_y_excluir_solo_del_subconjunto_analitico
4927,LJ500_R133_C034,2023,11,2023-11-01,2023-11,0.015961554825670295,parcial_lt_050,sin_observacion_viirs,conservar_nulos_y_excluir_solo_del_subconjunto_analitico
4927,LJ500_R133_C034,2023,12,2023-12-01,2023-12,0.015961554825670295,parcial_lt_050,sin_observacion_viirs,conservar_nulos_y_excluir_solo_del_subconjunto_analitico
5030,LJ500_R135_C034,2023,1,2023-01-01,2023-01,0.006069986530700557,parcial_lt_050,sin_observacion_viirs,conservar_nulos_y_excluir_solo_del_subconjunto_analitico
5030,LJ500_R135_C034,2023,2,2023-02-01,2023-02,0.006069986530700557,parcial_lt_050,sin_observacion_viirs,conservar_nulos_y_excluir_solo_del_subconjunto_analitico
5030,LJ500_R135_C034,2023,3,2023-03-01,2023-03,0.006069986530700557,parcial_lt_050,sin_observacion_viirs,conservar_nulos_y_excluir_solo_del_subconjunto_analitico
5030,LJ500_R135_C034,2023,4,2023-04-01,2023-04,0.006069986530700557,parcial_lt_050,sin_observacion_viirs,conservar_nulos_y_excluir_solo_del_subconjunto_analitico
5030,LJ500_R135_C034,2023,5,2023-05-01,2023-05,0.006069986530700557,parcial_lt_050,sin_observacion_viirs,conservar_nulos_y_excluir_solo_del_subconjunto_analitico
5030,LJ500_R135_C034,2023,6,2023-06-01,2023-06,0.006069986530700557,parcial_lt_050,sin_observacion_viirs,conservar_nulos_y_excluir_solo_del_subconjunto_analitico
5030,LJ500_R135_C034,2023,7,2023-07-01,2023-07,0.006069986530700557,parcial_lt_050,sin_observacion_viirs,conservar_nulos_y_excluir_solo_del_subconjunto_analitico
5030,LJ500_R135_C034,2023,8,2023-08-01,2023-08,0.006069986530700557,parcial_lt_050,sin_observacion_viirs,conservar_nulos_y_excluir_solo_del_subconjunto_analitico
5030,LJ500_R135_C034,2023,9,2023-09-01,2023-09,0.006069986530700557,parcial_lt_050,sin_observacion_viirs,conservar_nulos_y_excluir_solo_del_subconjunto_analitico
5030,LJ500_R135_C034,2023,10,2023-10-01,2023-10,0.006069986530700557,parcial_lt_050,sin_observacion_viirs,conservar_nulos_y_excluir_solo_del_subconjunto_analitico
5030,LJ500_R135_C034,2023,11,2023-11-01,2023-11,0.006069986530700557,parcial_lt_050,sin_observacion_viirs,conservar_nulos_y_excluir_solo_del_subconjunto_analitico
5030,LJ500_R135_C034,2023,12,2023-12-01,2023-12,0.006069986530700557,parcial_lt_050,sin_observacion_viirs,conservar_nulos_y_excluir_solo_del_subconjunto_analitico
5078,LJ500_R135_C092,2023,1,2023-01-01,2023-01,0.0013121160912562522,parcial_lt_050,sin_observacion_viirs,conservar_nulos_y_excluir_solo_del_subconjunto_analitico
5078,LJ500_R135_C092,2023,2,2023-02-01,2023-02,0.0013121160912562522,parcial_lt_050,sin_observacion_viirs,conservar_nulos_y_excluir_solo_del_subconjunto_analitico
5078,LJ500_R135_C092,2023,3,2023-03-01,2023-03,0.0013121160912562522,parcial_lt_050,sin_observacion_viirs,conservar_nulos_y_excluir_solo_del_subconjunto_analitico
5078,LJ500_R135_C092,2023,4,2023-04-01,2023-04,0.0013121160912562522,parcial_lt_050,sin_observacion_viirs,conservar_nulos_y_excluir_solo_del_subconjunto_analitico
5078,LJ500_R135_C092,2023,5,2023-05-01,2023-05,0.0013121160912562522,parcial_lt_050,sin_observacion_viirs,conservar_nulos_y_excluir_solo_del_subconjunto_analitico
5078,LJ500_R135_C092,2023,6,2023-06-01,2023-06,0.0013121160912562522,parcial_lt_050,sin_observacion_viirs,conservar_nulos_y_excluir_solo_del_subconjunto_analitico
5078,LJ500_R135_C092,2023,7,2023-07-01,2023-07,0.0013121160912562522,parcial_lt_050,sin_observacion_viirs,conservar_nulos_y_excluir_solo_del_subconjunto_analitico
5078,LJ500_R135_C092,2023,8,2023-08-01,2023-08,0.0013121160912562522,parcial_lt_050,sin_observacion_viirs,conservar_nulos_y_excluir_solo_del_subconjunto_analitico
5078,LJ500_R135_C092,2023,9,2023-09-01,2023-09,0.0013121160912562522,parcial_lt_050,sin_observacion_viirs,conservar_nulos_y_excluir_solo_del_subconjunto_analitico
5078,LJ500_R135_C092,2023,10,2023-10-01,2023-10,0.0013121160912562522,parcial_lt_050,sin_observacion_viirs,conservar_nulos_y_excluir_solo_del_subconjunto_analitico
5078,LJ500_R135_C092,2023,11,2023-11-01,2023-11,0.0013121160912562522,parcial_lt_050,sin_observacion_viirs,conservar_nulos_y_excluir_solo_del_subconjunto_analitico
5078,LJ500_R135_C092,2023,12,2023-12-01,2023-12,0.0013121160912562522,parcial_lt_050,sin_observacion_viirs,conservar_nulos_y_excluir_solo_del_subconjunto_analitico
5079,LJ500_R136_C020,2023,1,2023-01-01,2023-01,0.00479009690942579,parcial_lt_050,sin_observacion_viirs,conservar_nulos_y_excluir_solo_del_subconjunto_analitico
5079,LJ500_R136_C020,2023,2,2023-02-01,2023-02,0.00479009690942579,parcial_lt_050,sin_observacion_viirs,conservar_nulos_y_excluir_solo_del_subconjunto_analitico
5079,LJ500_R136_C020,2023,3,2023-03-01,2023-03,0.00479009690942579,parcial_lt_050,sin_observacion_viirs,conservar_nulos_y_excluir_solo_del_subconjunto_analitico
5079,LJ500_R136_C020,2023,4,2023-04-01,2023-04,0.00479009690942579,parcial_lt_050,sin_observacion_viirs,conservar_nulos_y_excluir_solo_del_subconjunto_analitico
5079,LJ500_R136_C020,2023,5,2023-05-01,2023-05,0.00479009690942579,parcial_lt_050,sin_observacion_viirs,conservar_nulos_y_excluir_solo_del_subconjunto_analitico
5079,LJ500_R136_C020,2023,6,2023-06-01,2023-06,0.00479009690942579,parcial_lt_050,sin_observacion_viirs,conservar_nulos_y_excluir_solo_del_subconjunto_analitico
5079,LJ500_R136_C020,2023,7,2023-07-01,2023-07,0.00479009690942579,parcial_lt_050,sin_observacion_viirs,conservar_nulos_y_excluir_solo_del_subconjunto_analitico
5079,LJ500_R136_C020,2023,8,2023-08-01,2023-08,0.00479009690942579,parcial_lt_050,sin_observacion_viirs,conservar_nulos_y_excluir_solo_del_subconjunto_analitico
5079,LJ500_R136_C020,2023,9,2023-09-01,2023-09,0.00479009690942579,parcial_lt_050,sin_observacion_viirs,conservar_nulos_y_excluir_solo_del_subconjunto_analitico
5079,LJ500_R136_C020,2023,10,2023-10-01,2023-10,0.00479009690942579,parcial_lt_050,sin_observacion_viirs,conservar_nulos_y_excluir_solo_del_subconjunto_analitico
5079,LJ500_R136_C020,2023,11,2023-11-01,2023-11,0.00479009690942579,parcial_lt_050,sin_observacion_viirs,conservar_nulos_y_excluir_solo_del_subconjunto_analitico
5079,LJ500_R136_C020,2023,12,2023-12-01,2023-12,0.00479009690942579,parcial_lt_050,sin_observacion_viirs,conservar_nulos_y_excluir_solo_del_subconjunto_analitico
5080,LJ500_R136_C021,2023,1,2023-01-01,2023-01,0.017396403291629923,parcial_lt_050,sin_observacion_viirs,conservar_nulos_y_excluir_solo_del_subconjunto_analitico
5080,LJ500_R136_C021,2023,2,2023-02-01,2023-02,0.017396403291629923,parcial_lt_050,sin_observacion_viirs,conservar_nulos_y_excluir_solo_del_subconjunto_analitico
5080,LJ500_R136_C021,2023,3,2023-03-01,2023-03,0.017396403291629923,parcial_lt_050,sin_observacion_viirs,conservar_nulos_y_excluir_solo_del_subconjunto_analitico
5080,LJ500_R136_C021,2023,4,2023-04-01,2023-04,0.017396403291629923,parcial_lt_050,sin_observacion_viirs,conservar_nulos_y_excluir_solo_del_subconjunto_analitico
5080,LJ500_R136_C021,2023,5,2023-05-01,2023-05,0.017396403291629923,parcial_lt_050,sin_observacion_viirs,conservar_nulos_y_excluir_solo_del_subconjunto_analitico
5080,LJ500_R136_C021,2023,6,2023-06-01,2023-06,0.017396403291629923,parcial_lt_050,sin_observacion_viirs,conservar_nulos_y_excluir_solo_del_subconjunto_analitico
5080,LJ500_R136_C021,2023,7,2023-07-01,2023-07,0.017396403291629923,parcial_lt_050,sin_observacion_viirs,conservar_nulos_y_excluir_solo_del_subconjunto_analitico
5080,LJ500_R136_C021,2023,8,2023-08-01,2023-08,0.017396403291629923,parcial_lt_050,sin_observacion_viirs,conservar_nulos_y_excluir_solo_del_subconjunto_analitico
5080,LJ500_R136_C021,2023,9,2023-09-01,2023-09,0.017396403291629923,parcial_lt_050,sin_observacion_viirs,conservar_nulos_y_excluir_solo_del_subconjunto_analitico
5080,LJ500_R136_C021,2023,10,2023-10-01,2023-10,0.017396403291629923,parcial_lt_050,sin_observacion_viirs,conservar_nulos_y_excluir_solo_del_subconjunto_analitico
5080,LJ500_R136_C021,2023,11,2023-11-01,2023-11,0.017396403291629923,parcial_lt_050,sin_observacion_viirs,conservar_nulos_y_excluir_solo_del_subconjunto_analitico
5080,LJ500_R136_C021,2023,12,2023-12-01,2023-12,0.017396403291629923,parcial_lt_050,sin_observacion_viirs,conservar_nulos_y_excluir_solo_del_subconjunto_analitico
5081,LJ500_R136_C027,2023,1,2023-01-01,2023-01,1.4042577898088838e-06,parcial_lt_050,sin_observacion_viirs,conservar_nulos_y_excluir_solo_del_subconjunto_analitico
5081,LJ500_R136_C027,2023,2,2023-02-01,2023-02,1.4042577898088838e-06,parcial_lt_050,sin_observacion_viirs,conservar_nulos_y_excluir_solo_del_subconjunto_analitico
5081,LJ500_R136_C027,2023,3,2023-03-01,2023-03,1.4042577898088838e-06,parcial_lt_050,sin_observacion_viirs,conservar_nulos_y_excluir_solo_del_subconjunto_analitico
5081,LJ500_R136_C027,2023,4,2023-04-01,2023-04,1.4042577898088838e-06,parcial_lt_050,sin_observacion_viirs,conservar_nulos_y_excluir_solo_del_subconjunto_analitico
5081,LJ500_R136_C027,2023,5,2023-05-01,2023-05,1.4042577898088838e-06,parcial_lt_050,sin_observacion_viirs,conservar_nulos_y_excluir_solo_del_subconjunto_analitico
5081,LJ500_R136_C027,2023,6,2023-06-01,2023-06,1.4042577898088838e-06,parcial_lt_050,sin_observacion_viirs,conservar_nulos_y_excluir_solo_del_subconjunto_analitico
5081,LJ500_R136_C027,2023,7,2023-07-01,2023-07,1.4042577898088838e-06,parcial_lt_050,sin_observacion_viirs,conservar_nulos_y_excluir_solo_del_subconjunto_analitico
5081,LJ500_R136_C027,2023,8,2023-08-01,2023-08,1.4042577898088838e-06,parcial_lt_050,sin_observacion_viirs,conservar_nulos_y_excluir_solo_del_subconjunto_analitico
5081,LJ500_R136_C027,2023,9,2023-09-01,2023-09,1.4042577898088838e-06,parcial_lt_050,sin_observacion_viirs,conservar_nulos_y_excluir_solo_del_subconjunto_analitico
5081,LJ500_R136_C027,2023,10,2023-10-01,2023-10,1.4042577898088838e-06,parcial_lt_050,sin_observacion_viirs,conservar_nulos_y_excluir_solo_del_subconjunto_analitico
5081,LJ500_R136_C027,2023,11,2023-11-01,2023-11,1.4042577898088838e-06,parcial_lt_050,sin_observacion_viirs,conservar_nulos_y_excluir_solo_del_subconjunto_analitico
5081,LJ500_R136_C027,2023,12,2023-12-01,2023-12,1.4042577898088838e-06,parcial_lt_050,sin_observacion_viirs,conservar_nulos_y_excluir_solo_del_subconjunto_analitico
5137,LJ500_R136_C093,2023,1,2023-01-01,2023-01,0.0022311179404850595,parcial_lt_050,sin_observacion_viirs,conservar_nulos_y_excluir_solo_del_subconjunto_analitico
5137,LJ500_R136_C093,2023,2,2023-02-01,2023-02,0.0022311179404850595,parcial_lt_050,sin_observacion_viirs,conservar_nulos_y_excluir_solo_del_subconjunto_analitico
5137,LJ500_R136_C093,2023,3,2023-03-01,2023-03,0.0022311179404850595,parcial_lt_050,sin_observacion_viirs,conservar_nulos_y_excluir_solo_del_subconjunto_analitico
5137,LJ500_R136_C093,2023,4,2023-04-01,2023-04,0.0022311179404850595,parcial_lt_050,sin_observacion_viirs,conservar_nulos_y_excluir_solo_del_subconjunto_analitico
5137,LJ500_R136_C093,2023,5,2023-05-01,2023-05,0.0022311179404850595,parcial_lt_050,sin_observacion_viirs,conservar_nulos_y_excluir_solo_del_subconjunto_analitico
5137,LJ500_R136_C093,2023,6,2023-06-01,2023-06,0.0022311179404850595,parcial_lt_050,sin_observacion_viirs,conservar_nulos_y_excluir_solo_del_subconjunto_analitico
5137,LJ500_R136_C093,2023,7,2023-07-01,2023-07,0.0022311179404850595,parcial_lt_050,sin_observacion_viirs,conservar_nulos_y_excluir_solo_del_subconjunto_analitico
5137,LJ500_R136_C093,2023,8,2023-08-01,2023-08,0.0022311179404850595,parcial_lt_050,sin_observacion_viirs,conservar_nulos_y_excluir_solo_del_subconjunto_analitico
5137,LJ500_R136_C093,2023,9,2023-09-01,2023-09,0.0022311179404850595,parcial_lt_050,sin_observacion_viirs,conservar_nulos_y_excluir_solo_del_subconjunto_analitico
5137,LJ500_R136_C093,2023,10,2023-10-01,2023-10,0.0022311179404850595,parcial_lt_050,sin_observacion_viirs,conservar_nulos_y_excluir_solo_del_subconjunto_analitico
5137,LJ500_R136_C093,2023,11,2023-11-01,2023-11,0.0022311179404850595,parcial_lt_050,sin_observacion_viirs,conservar_nulos_y_excluir_solo_del_subconjunto_analitico
5137,LJ500_R136_C093,2023,12,2023-12-01,2023-12,0.0022311179404850595,parcial_lt_050,sin_observacion_viirs,conservar_nulos_y_excluir_solo_del_subconjunto_analitico
5154,LJ500_R137_C044,2023,1,2023-01-01,2023-01,0.0008284418476052583,parcial_lt_050,sin_observacion_viirs,conservar_nulos_y_excluir_solo_del_subconjunto_analitico
5154,LJ500_R137_C044,2023,2,2023-02-01,2023-02,0.0008284418476052583,parcial_lt_050,sin_observacion_viirs,conservar_nulos_y_excluir_solo_del_subconjunto_analitico
5154,LJ500_R137_C044,2023,3,2023-03-01,2023-03,0.0008284418476052583,parcial_lt_050,sin_observacion_viirs,conservar_nulos_y_excluir_solo_del_subconjunto_analitico
5154,LJ500_R137_C044,2023,4,2023-04-01,2023-04,0.0008284418476052583,parcial_lt_050,sin_observacion_viirs,conservar_nulos_y_excluir_solo_del_subconjunto_analitico
5154,LJ500_R137_C044,2023,5,2023-05-01,2023-05,0.0008284418476052583,parcial_lt_050,sin_observacion_viirs,conservar_nulos_y_excluir_solo_del_subconjunto_analitico
5154,LJ500_R137_C044,2023,6,2023-06-01,2023-06,0.0008284418476052583,parcial_lt_050,sin_observacion_viirs,conservar_nulos_y_excluir_solo_del_subconjunto_analitico
5154,LJ500_R137_C044,2023,7,2023-07-01,2023-07,0.0008284418476052583,parcial_lt_050,sin_observacion_viirs,conservar_nulos_y_excluir_solo_del_subconjunto_analitico
5154,LJ500_R137_C044,2023,8,2023-08-01,2023-08,0.0008284418476052583,parcial_lt_050,sin_observacion_viirs,conservar_nulos_y_excluir_solo_del_subconjunto_analitico
5154,LJ500_R137_C044,2023,9,2023-09-01,2023-09,0.0008284418476052583,parcial_lt_050,sin_observacion_viirs,conservar_nulos_y_excluir_solo_del_subconjunto_analitico
5154,LJ500_R137_C044,2023,10,2023-10-01,2023-10,0.0008284418476052583,parcial_lt_050,sin_observacion_viirs,conservar_nulos_y_excluir_solo_del_subconjunto_analitico
5154,LJ500_R137_C044,2023,11,2023-11-01,2023-11,0.0008284418476052583,parcial_lt_050,sin_observacion_viirs,conservar_nulos_y_excluir_solo_del_subconjunto_analitico
5154,LJ500_R137_C044,2023,12,2023-12-01,2023-12,0.0008284418476052583,parcial_lt_050,sin_observacion_viirs,conservar_nulos_y_excluir_solo_del_subconjunto_analitico
5495,LJ500_R142_C020,2023,1,2023-01-01,2023-01,0.013834910814874108,parcial_lt_050,sin_observacion_viirs,conservar_nulos_y_excluir_solo_del_subconjunto_analitico
5495,LJ500_R142_C020,2023,2,2023-02-01,2023-02,0.013834910814874108,parcial_lt_050,sin_observacion_viirs,conservar_nulos_y_excluir_solo_del_subconjunto_analitico
5495,LJ500_R142_C020,2023,3,2023-03-01,2023-03,0.013834910814874108,parcial_lt_050,sin_observacion_viirs,conservar_nulos_y_excluir_solo_del_subconjunto_analitico
5495,LJ500_R142_C020,2023,4,2023-04-01,2023-04,0.013834910814874108,parcial_lt_050,sin_observacion_viirs,conservar_nulos_y_excluir_solo_del_subconjunto_analitico
5495,LJ500_R142_C020,2023,5,2023-05-01,2023-05,0.013834910814874108,parcial_lt_050,sin_observacion_viirs,conservar_nulos_y_excluir_solo_del_subconjunto_analitico
5495,LJ500_R142_C020,2023,6,2023-06-01,2023-06,0.013834910814874108,parcial_lt_050,sin_observacion_viirs,conservar_nulos_y_excluir_solo_del_subconjunto_analitico
5495,LJ500_R142_C020,2023,7,2023-07-01,2023-07,0.013834910814874108,parcial_lt_050,sin_observacion_viirs,conservar_nulos_y_excluir_solo_del_subconjunto_analitico
5495,LJ500_R142_C020,2023,8,2023-08-01,2023-08,0.013834910814874108,parcial_lt_050,sin_observacion_viirs,conservar_nulos_y_excluir_solo_del_subconjunto_analitico
5495,LJ500_R142_C020,2023,9,2023-09-01,2023-09,0.013834910814874108,parcial_lt_050,sin_observacion_viirs,conservar_nulos_y_excluir_solo_del_subconjunto_analitico
5495,LJ500_R142_C020,2023,10,2023-10-01,2023-10,0.013834910814874108,parcial_lt_050,sin_observacion_viirs,conservar_nulos_y_excluir_solo_del_subconjunto_analitico
5495,LJ500_R142_C020,2023,11,2023-11-01,2023-11,0.013834910814874108,parcial_lt_050,sin_observacion_viirs,conservar_nulos_y_excluir_solo_del_subconjunto_analitico
5495,LJ500_R142_C020,2023,12,2023-12-01,2023-12,0.013834910814874108,parcial_lt_050,sin_observacion_viirs,conservar_nulos_y_excluir_solo_del_subconjunto_analitico
5568,LJ500_R143_C019,2023,1,2023-01-01,2023-01,0.0005390750922013722,parcial_lt_050,sin_observacion_viirs,conservar_nulos_y_excluir_solo_del_subconjunto_analitico
5568,LJ500_R143_C019,2023,2,2023-02-01,2023-02,0.0005390750922013722,parcial_lt_050,sin_observacion_viirs,conservar_nulos_y_excluir_solo_del_subconjunto_analitico
5568,LJ500_R143_C019,2023,3,2023-03-01,2023-03,0.0005390750922013722,parcial_lt_050,sin_observacion_viirs,conservar_nulos_y_excluir_solo_del_subconjunto_analitico
5568,LJ500_R143_C019,2023,4,2023-04-01,2023-04,0.0005390750922013722,parcial_lt_050,sin_observacion_viirs,conservar_nulos_y_excluir_solo_del_subconjunto_analitico
5568,LJ500_R143_C019,2023,5,2023-05-01,2023-05,0.0005390750922013722,parcial_lt_050,sin_observacion_viirs,conservar_nulos_y_excluir_solo_del_subconjunto_analitico
5568,LJ500_R143_C019,2023,6,2023-06-01,2023-06,0.0005390750922013722,parcial_lt_050,sin_observacion_viirs,conservar_nulos_y_excluir_solo_del_subconjunto_analitico
5568,LJ500_R143_C019,2023,7,2023-07-01,2023-07,0.0005390750922013722,parcial_lt_050,sin_observacion_viirs,conservar_nulos_y_excluir_solo_del_subconjunto_analitico
5568,LJ500_R143_C019,2023,8,2023-08-01,2023-08,0.0005390750922013722,parcial_lt_050,sin_observacion_viirs,conservar_nulos_y_excluir_solo_del_subconjunto_analitico
5568,LJ500_R143_C019,2023,9,2023-09-01,2023-09,0.0005390750922013722,parcial_lt_050,sin_observacion_viirs,conservar_nulos_y_excluir_solo_del_subconjunto_analitico
5568,LJ500_R143_C019,2023,10,2023-10-01,2023-10,0.0005390750922013722,parcial_lt_050,sin_observacion_viirs,conservar_nulos_y_excluir_solo_del_subconjunto_analitico
5568,LJ500_R143_C019,2023,11,2023-11-01,2023-11,0.0005390750922013722,parcial_lt_050,sin_observacion_viirs,conservar_nulos_y_excluir_solo_del_subconjunto_analitico
5568,LJ500_R143_C019,2023,12,2023-12-01,2023-12,0.0005390750922013722,parcial_lt_050,sin_observacion_viirs,conservar_nulos_y_excluir_solo_del_subconjunto_analitico
5942,LJ500_R147_C091,2023,1,2023-01-01,2023-01,0.010392853817170816,parcial_lt_050,sin_observacion_viirs,conservar_nulos_y_excluir_solo_del_subconjunto_analitico
5942,LJ500_R147_C091,2023,2,2023-02-01,2023-02,0.010392853817170816,parcial_lt_050,sin_observacion_viirs,conservar_nulos_y_excluir_solo_del_subconjunto_analitico
5942,LJ500_R147_C091,2023,3,2023-03-01,2023-03,0.010392853817170816,parcial_lt_050,sin_observacion_viirs,conservar_nulos_y_excluir_solo_del_subconjunto_analitico
5942,LJ500_R147_C091,2023,4,2023-04-01,2023-04,0.010392853817170816,parcial_lt_050,sin_observacion_viirs,conservar_nulos_y_excluir_solo_del_subconjunto_analitico
5942,LJ500_R147_C091,2023,5,2023-05-01,2023-05,0.010392853817170816,parcial_lt_050,sin_observacion_viirs,conservar_nulos_y_excluir_solo_del_subconjunto_analitico
5942,LJ500_R147_C091,2023,6,2023-06-01,2023-06,0.010392853817170816,parcial_lt_050,sin_observacion_viirs,conservar_nulos_y_excluir_solo_del_subconjunto_analitico
5942,LJ500_R147_C091,2023,7,2023-07-01,2023-07,0.010392853817170816,parcial_lt_050,sin_observacion_viirs,conservar_nulos_y_excluir_solo_del_subconjunto_analitico
5942,LJ500_R147_C091,2023,8,2023-08-01,2023-08,0.010392853817170816,parcial_lt_050,sin_observacion_viirs,conservar_nulos_y_excluir_solo_del_subconjunto_analitico
5942,LJ500_R147_C091,2023,9,2023-09-01,2023-09,0.010392853817170816,parcial_lt_050,sin_observacion_viirs,conservar_nulos_y_excluir_solo_del_subconjunto_analitico
5942,LJ500_R147_C091,2023,10,2023-10-01,2023-10,0.010392853817170816,parcial_lt_050,sin_observacion_viirs,conservar_nulos_y_excluir_solo_del_subconjunto_analitico
5942,LJ500_R147_C091,2023,11,2023-11-01,2023-11,0.010392853817170816,parcial_lt_050,sin_observacion_viirs,conservar_nulos_y_excluir_solo_del_subconjunto_analitico
5942,LJ500_R147_C091,2023,12,2023-12-01,2023-12,0.010392853817170816,parcial_lt_050,sin_observacion_viirs,conservar_nulos_y_excluir_solo_del_subconjunto_analitico
5943,LJ500_R148_C011,2023,1,2023-01-01,2023-01,0.06906618160232302,parcial_lt_050,sin_observacion_viirs,conservar_nulos_y_excluir_solo_del_subconjunto_analitico
5943,LJ500_R148_C011,2023,2,2023-02-01,2023-02,0.06906618160232302,parcial_lt_050,sin_observacion_viirs,conservar_nulos_y_excluir_solo_del_subconjunto_analitico
5943,LJ500_R148_C011,2023,3,2023-03-01,2023-03,0.06906618160232302,parcial_lt_050,sin_observacion_viirs,conservar_nulos_y_excluir_solo_del_subconjunto_analitico
5943,LJ500_R148_C011,2023,4,2023-04-01,2023-04,0.06906618160232302,parcial_lt_050,sin_observacion_viirs,conservar_nulos_y_excluir_solo_del_subconjunto_analitico
5943,LJ500_R148_C011,2023,5,2023-05-01,2023-05,0.06906618160232302,parcial_lt_050,sin_observacion_viirs,conservar_nulos_y_excluir_solo_del_subconjunto_analitico
5943,LJ500_R148_C011,2023,6,2023-06-01,2023-06,0.06906618160232302,parcial_lt_050,sin_observacion_viirs,conservar_nulos_y_excluir_solo_del_subconjunto_analitico
5943,LJ500_R148_C011,2023,7,2023-07-01,2023-07,0.06906618160232302,parcial_lt_050,sin_observacion_viirs,conservar_nulos_y_excluir_solo_del_subconjunto_analitico
5943,LJ500_R148_C011,2023,8,2023-08-01,2023-08,0.06906618160232302,parcial_lt_050,sin_observacion_viirs,conservar_nulos_y_excluir_solo_del_subconjunto_analitico
5943,LJ500_R148_C011,2023,9,2023-09-01,2023-09,0.06906618160232302,parcial_lt_050,sin_observacion_viirs,conservar_nulos_y_excluir_solo_del_subconjunto_analitico
5943,LJ500_R148_C011,2023,10,2023-10-01,2023-10,0.06906618160232302,parcial_lt_050,sin_observacion_viirs,conservar_nulos_y_excluir_solo_del_subconjunto_analitico
5943,LJ500_R148_C011,2023,11,2023-11-01,2023-11,0.06906618160232302,parcial_lt_050,sin_observacion_viirs,conservar_nulos_y_excluir_solo_del_subconjunto_analitico
5943,LJ500_R148_C011,2023,12,2023-12-01,2023-12,0.06906618160232302,parcial_lt_050,sin_observacion_viirs,conservar_nulos_y_excluir_solo_del_subconjunto_analitico
5944,LJ500_R148_C012,2023,1,2023-01-01,2023-01,0.0017604764290093913,parcial_lt_050,sin_observacion_viirs,conservar_nulos_y_excluir_solo_del_subconjunto_analitico
5944,LJ500_R148_C012,2023,2,2023-02-01,2023-02,0.0017604764290093913,parcial_lt_050,sin_observacion_viirs,conservar_nulos_y_excluir_solo_del_subconjunto_analitico
5944,LJ500_R148_C012,2023,3,2023-03-01,2023-03,0.0017604764290093913,parcial_lt_050,sin_observacion_viirs,conservar_nulos_y_excluir_solo_del_subconjunto_analitico
5944,LJ500_R148_C012,2023,4,2023-04-01,2023-04,0.0017604764290093913,parcial_lt_050,sin_observacion_viirs,conservar_nulos_y_excluir_solo_del_subconjunto_analitico
5944,LJ500_R148_C012,2023,5,2023-05-01,2023-05,0.0017604764290093913,parcial_lt_050,sin_observacion_viirs,conservar_nulos_y_excluir_solo_del_subconjunto_analitico
5944,LJ500_R148_C012,2023,6,2023-06-01,2023-06,0.0017604764290093913,parcial_lt_050,sin_observacion_viirs,conservar_nulos_y_excluir_solo_del_subconjunto_analitico
5944,LJ500_R148_C012,2023,7,2023-07-01,2023-07,0.0017604764290093913,parcial_lt_050,sin_observacion_viirs,conservar_nulos_y_excluir_solo_del_subconjunto_analitico
5944,LJ500_R148_C012,2023,8,2023-08-01,2023-08,0.0017604764290093913,parcial_lt_050,sin_observacion_viirs,conservar_nulos_y_excluir_solo_del_subconjunto_analitico
5944,LJ500_R148_C012,2023,9,2023-09-01,2023-09,0.0017604764290093913,parcial_lt_050,sin_observacion_viirs,conservar_nulos_y_excluir_solo_del_subconjunto_analitico
5944,LJ500_R148_C012,2023,10,2023-10-01,2023-10,0.0017604764290093913,parcial_lt_050,sin_observacion_viirs,conservar_nulos_y_excluir_solo_del_subconjunto_analitico
5944,LJ500_R148_C012,2023,11,2023-11-01,2023-11,0.0017604764290093913,parcial_lt_050,sin_observacion_viirs,conservar_nulos_y_excluir_solo_del_subconjunto_analitico
5944,LJ500_R148_C012,2023,12,2023-12-01,2023-12,0.0017604764290093913,parcial_lt_050,sin_observacion_viirs,conservar_nulos_y_excluir_solo_del_subconjunto_analitico
6106,LJ500_R150_C006,2023,1,2023-01-01,2023-01,0.0027875278138136824,parcial_lt_050,sin_observacion_viirs,conservar_nulos_y_excluir_solo_del_subconjunto_analitico
6106,LJ500_R150_C006,2023,2,2023-02-01,2023-02,0.0027875278138136824,parcial_lt_050,sin_observacion_viirs,conservar_nulos_y_excluir_solo_del_subconjunto_analitico
6106,LJ500_R150_C006,2023,3,2023-03-01,2023-03,0.0027875278138136824,parcial_lt_050,sin_observacion_viirs,conservar_nulos_y_excluir_solo_del_subconjunto_analitico
6106,LJ500_R150_C006,2023,4,2023-04-01,2023-04,0.0027875278138136824,parcial_lt_050,sin_observacion_viirs,conservar_nulos_y_excluir_solo_del_subconjunto_analitico
6106,LJ500_R150_C006,2023,5,2023-05-01,2023-05,0.0027875278138136824,parcial_lt_050,sin_observacion_viirs,conservar_nulos_y_excluir_solo_del_subconjunto_analitico
6106,LJ500_R150_C006,2023,6,2023-06-01,2023-06,0.0027875278138136824,parcial_lt_050,sin_observacion_viirs,conservar_nulos_y_excluir_solo_del_subconjunto_analitico
6106,LJ500_R150_C006,2023,7,2023-07-01,2023-07,0.0027875278138136824,parcial_lt_050,sin_observacion_viirs,conservar_nulos_y_excluir_solo_del_subconjunto_analitico
6106,LJ500_R150_C006,2023,8,2023-08-01,2023-08,0.0027875278138136824,parcial_lt_050,sin_observacion_viirs,conservar_nulos_y_excluir_solo_del_subconjunto_analitico
6106,LJ500_R150_C006,2023,9,2023-09-01,2023-09,0.0027875278138136824,parcial_lt_050,sin_observacion_viirs,conservar_nulos_y_excluir_solo_del_subconjunto_analitico
6106,LJ500_R150_C006,2023,10,2023-10-01,2023-10,0.0027875278138136824,parcial_lt_050,sin_observacion_viirs,conservar_nulos_y_excluir_solo_del_subconjunto_analitico
6106,LJ500_R150_C006,2023,11,2023-11-01,2023-11,0.0027875278138136824,parcial_lt_050,sin_observacion_viirs,conservar_nulos_y_excluir_solo_del_subconjunto_analitico
6106,LJ500_R150_C006,2023,12,2023-12-01,2023-12,0.0027875278138136824,parcial_lt_050,sin_observacion_viirs,conservar_nulos_y_excluir_solo_del_subconjunto_analitico
6363,LJ500_R153_C004,2023,1,2023-01-01,2023-01,0.0005888787086845391,parcial_lt_050,sin_observacion_viirs,conservar_nulos_y_excluir_solo_del_subconjunto_analitico
6363,LJ500_R153_C004,2023,2,2023-02-01,2023-02,0.0005888787086845391,parcial_lt_050,sin_observacion_viirs,conservar_nulos_y_excluir_solo_del_subconjunto_analitico
6363,LJ500_R153_C004,2023,3,2023-03-01,2023-03,0.0005888787086845391,parcial_lt_050,sin_observacion_viirs,conservar_nulos_y_excluir_solo_del_subconjunto_analitico
6363,LJ500_R153_C004,2023,4,2023-04-01,2023-04,0.0005888787086845391,parcial_lt_050,sin_observacion_viirs,conservar_nulos_y_excluir_solo_del_subconjunto_analitico
6363,LJ500_R153_C004,2023,5,2023-05-01,2023-05,0.0005888787086845391,parcial_lt_050,sin_observacion_viirs,conservar_nulos_y_excluir_solo_del_subconjunto_analitico
6363,LJ500_R153_C004,2023,6,2023-06-01,2023-06,0.0005888787086845391,parcial_lt_050,sin_observacion_viirs,conservar_nulos_y_excluir_solo_del_subconjunto_analitico
6363,LJ500_R153_C004,2023,7,2023-07-01,2023-07,0.0005888787086845391,parcial_lt_050,sin_observacion_viirs,conservar_nulos_y_excluir_solo_del_subconjunto_analitico
6363,LJ500_R153_C004,2023,8,2023-08-01,2023-08,0.0005888787086845391,parcial_lt_050,sin_observacion_viirs,conservar_nulos_y_excluir_solo_del_subconjunto_analitico
6363,LJ500_R153_C004,2023,9,2023-09-01,2023-09,0.0005888787086845391,parcial_lt_050,sin_observacion_viirs,conservar_nulos_y_excluir_solo_del_subconjunto_analitico
6363,LJ500_R153_C004,2023,10,2023-10-01,2023-10,0.0005888787086845391,parcial_lt_050,sin_observacion_viirs,conservar_nulos_y_excluir_solo_del_subconjunto_analitico
6363,LJ500_R153_C004,2023,11,2023-11-01,2023-11,0.0005888787086845391,parcial_lt_050,sin_observacion_viirs,conservar_nulos_y_excluir_solo_del_subconjunto_analitico
6363,LJ500_R153_C004,2023,12,2023-12-01,2023-12,0.0005888787086845391,parcial_lt_050,sin_observacion_viirs,conservar_nulos_y_excluir_solo_del_subconjunto_analitico
6634,LJ500_R156_C019,2023,1,2023-01-01,2023-01,0.004132119441322957,parcial_lt_050,sin_observacion_viirs,conservar_nulos_y_excluir_solo_del_subconjunto_analitico
6634,LJ500_R156_C019,2023,2,2023-02-01,2023-02,0.004132119441322957,parcial_lt_050,sin_observacion_viirs,conservar_nulos_y_excluir_solo_del_subconjunto_analitico
6634,LJ500_R156_C019,2023,3,2023-03-01,2023-03,0.004132119441322957,parcial_lt_050,sin_observacion_viirs,conservar_nulos_y_excluir_solo_del_subconjunto_analitico
6634,LJ500_R156_C019,2023,4,2023-04-01,2023-04,0.004132119441322957,parcial_lt_050,sin_observacion_viirs,conservar_nulos_y_excluir_solo_del_subconjunto_analitico
6634,LJ500_R156_C019,2023,5,2023-05-01,2023-05,0.004132119441322957,parcial_lt_050,sin_observacion_viirs,conservar_nulos_y_excluir_solo_del_subconjunto_analitico
6634,LJ500_R156_C019,2023,6,2023-06-01,2023-06,0.004132119441322957,parcial_lt_050,sin_observacion_viirs,conservar_nulos_y_excluir_solo_del_subconjunto_analitico
6634,LJ500_R156_C019,2023,7,2023-07-01,2023-07,0.004132119441322957,parcial_lt_050,sin_observacion_viirs,conservar_nulos_y_excluir_solo_del_subconjunto_analitico
6634,LJ500_R156_C019,2023,8,2023-08-01,2023-08,0.004132119441322957,parcial_lt_050,sin_observacion_viirs,conservar_nulos_y_excluir_solo_del_subconjunto_analitico
6634,LJ500_R156_C019,2023,9,2023-09-01,2023-09,0.004132119441322957,parcial_lt_050,sin_observacion_viirs,conservar_nulos_y_excluir_solo_del_subconjunto_analitico
6634,LJ500_R156_C019,2023,10,2023-10-01,2023-10,0.004132119441322957,parcial_lt_050,sin_observacion_viirs,conservar_nulos_y_excluir_solo_del_subconjunto_analitico
6634,LJ500_R156_C019,2023,11,2023-11-01,2023-11,0.004132119441322957,parcial_lt_050,sin_observacion_viirs,conservar_nulos_y_excluir_solo_del_subconjunto_analitico
6634,LJ500_R156_C019,2023,12,2023-12-01,2023-12,0.004132119441322957,parcial_lt_050,sin_observacion_viirs,conservar_nulos_y_excluir_solo_del_subconjunto_analitico
7472,LJ500_R171_C030,2023,1,2023-01-01,2023-01,1.6683381490629488e-08,parcial_lt_050,sin_observacion_viirs,conservar_nulos_y_excluir_solo_del_subconjunto_analitico
7472,LJ500_R171_C030,2023,2,2023-02-01,2023-02,1.6683381490629488e-08,parcial_lt_050,sin_observacion_viirs,conservar_nulos_y_excluir_solo_del_subconjunto_analitico
7472,LJ500_R171_C030,2023,3,2023-03-01,2023-03,1.6683381490629488e-08,parcial_lt_050,sin_observacion_viirs,conservar_nulos_y_excluir_solo_del_subconjunto_analitico
7472,LJ500_R171_C030,2023,4,2023-04-01,2023-04,1.6683381490629488e-08,parcial_lt_050,sin_observacion_viirs,conservar_nulos_y_excluir_solo_del_subconjunto_analitico
7472,LJ500_R171_C030,2023,5,2023-05-01,2023-05,1.6683381490629488e-08,parcial_lt_050,sin_observacion_viirs,conservar_nulos_y_excluir_solo_del_subconjunto_analitico
7472,LJ500_R171_C030,2023,6,2023-06-01,2023-06,1.6683381490629488e-08,parcial_lt_050,sin_observacion_viirs,conservar_nulos_y_excluir_solo_del_subconjunto_analitico
7472,LJ500_R171_C030,2023,7,2023-07-01,2023-07,1.6683381490629488e-08,parcial_lt_050,sin_observacion_viirs,conservar_nulos_y_excluir_solo_del_subconjunto_analitico
7472,LJ500_R171_C030,2023,8,2023-08-01,2023-08,1.6683381490629488e-08,parcial_lt_050,sin_observacion_viirs,conservar_nulos_y_excluir_solo_del_subconjunto_analitico
7472,LJ500_R171_C030,2023,9,2023-09-01,2023-09,1.6683381490629488e-08,parcial_lt_050,sin_observacion_viirs,conservar_nulos_y_excluir_solo_del_subconjunto_analitico
7472,LJ500_R171_C030,2023,10,2023-10-01,2023-10,1.6683381490629488e-08,parcial_lt_050,sin_observacion_viirs,conservar_nulos_y_excluir_solo_del_subconjunto_analitico
7472,LJ500_R171_C030,2023,11,2023-11-01,2023-11,1.6683381490629488e-08,parcial_lt_050,sin_observacion_viirs,conservar_nulos_y_excluir_solo_del_subconjunto_analitico
7472,LJ500_R171_C030,2023,12,2023-12-01,2023-12,1.6683381490629488e-08,parcial_lt_050,sin_observacion_viirs,conservar_nulos_y_excluir_solo_del_subconjunto_analitico
7621,LJ500_R173_C079,2023,1,2023-01-01,2023-01,0.0004678705727738941,parcial_lt_050,sin_observacion_viirs,conservar_nulos_y_excluir_solo_del_subconjunto_analitico
7621,LJ500_R173_C079,2023,2,2023-02-01,2023-02,0.0004678705727738941,parcial_lt_050,sin_observacion_viirs,conservar_nulos_y_excluir_solo_del_subconjunto_analitico
7621,LJ500_R173_C079,2023,3,2023-03-01,2023-03,0.0004678705727738941,parcial_lt_050,sin_observacion_viirs,conservar_nulos_y_excluir_solo_del_subconjunto_analitico
7621,LJ500_R173_C079,2023,4,2023-04-01,2023-04,0.0004678705727738941,parcial_lt_050,sin_observacion_viirs,conservar_nulos_y_excluir_solo_del_subconjunto_analitico
7621,LJ500_R173_C079,2023,5,2023-05-01,2023-05,0.0004678705727738941,parcial_lt_050,sin_observacion_viirs,conservar_nulos_y_excluir_solo_del_subconjunto_analitico
7621,LJ500_R173_C079,2023,6,2023-06-01,2023-06,0.0004678705727738941,parcial_lt_050,sin_observacion_viirs,conservar_nulos_y_excluir_solo_del_subconjunto_analitico
7621,LJ500_R173_C079,2023,7,2023-07-01,2023-07,0.0004678705727738941,parcial_lt_050,sin_observacion_viirs,conservar_nulos_y_excluir_solo_del_subconjunto_analitico
7621,LJ500_R173_C079,2023,8,2023-08-01,2023-08,0.0004678705727738941,parcial_lt_050,sin_observacion_viirs,conservar_nulos_y_excluir_solo_del_subconjunto_analitico
7621,LJ500_R173_C079,2023,9,2023-09-01,2023-09,0.0004678705727738941,parcial_lt_050,sin_observacion_viirs,conservar_nulos_y_excluir_solo_del_subconjunto_analitico
7621,LJ500_R173_C079,2023,10,2023-10-01,2023-10,0.0004678705727738941,parcial_lt_050,sin_observacion_viirs,conservar_nulos_y_excluir_solo_del_subconjunto_analitico
7621,LJ500_R173_C079,2023,11,2023-11-01,2023-11,0.0004678705727738941,parcial_lt_050,sin_observacion_viirs,conservar_nulos_y_excluir_solo_del_subconjunto_analitico
7621,LJ500_R173_C079,2023,12,2023-12-01,2023-12,0.0004678705727738941,parcial_lt_050,sin_observacion_viirs,conservar_nulos_y_excluir_solo_del_subconjunto_analitico
7721,LJ500_R176_C031,2023,1,2023-01-01,2023-01,0.004628584812330391,parcial_lt_050,sin_observacion_viirs,conservar_nulos_y_excluir_solo_del_subconjunto_analitico
7721,LJ500_R176_C031,2023,2,2023-02-01,2023-02,0.004628584812330391,parcial_lt_050,sin_observacion_viirs,conservar_nulos_y_excluir_solo_del_subconjunto_analitico
7721,LJ500_R176_C031,2023,3,2023-03-01,2023-03,0.004628584812330391,parcial_lt_050,sin_observacion_viirs,conservar_nulos_y_excluir_solo_del_subconjunto_analitico
7721,LJ500_R176_C031,2023,4,2023-04-01,2023-04,0.004628584812330391,parcial_lt_050,sin_observacion_viirs,conservar_nulos_y_excluir_solo_del_subconjunto_analitico
7721,LJ500_R176_C031,2023,5,2023-05-01,2023-05,0.004628584812330391,parcial_lt_050,sin_observacion_viirs,conservar_nulos_y_excluir_solo_del_subconjunto_analitico
7721,LJ500_R176_C031,2023,6,2023-06-01,2023-06,0.004628584812330391,parcial_lt_050,sin_observacion_viirs,conservar_nulos_y_excluir_solo_del_subconjunto_analitico
7721,LJ500_R176_C031,2023,7,2023-07-01,2023-07,0.004628584812330391,parcial_lt_050,sin_observacion_viirs,conservar_nulos_y_excluir_solo_del_subconjunto_analitico
7721,LJ500_R176_C031,2023,8,2023-08-01,2023-08,0.004628584812330391,parcial_lt_050,sin_observacion_viirs,conservar_nulos_y_excluir_solo_del_subconjunto_analitico
7721,LJ500_R176_C031,2023,9,2023-09-01,2023-09,0.004628584812330391,parcial_lt_050,sin_observacion_viirs,conservar_nulos_y_excluir_solo_del_subconjunto_analitico
7721,LJ500_R176_C031,2023,10,2023-10-01,2023-10,0.004628584812330391,parcial_lt_050,sin_observacion_viirs,conservar_nulos_y_excluir_solo_del_subconjunto_analitico
7721,LJ500_R176_C031,2023,11,2023-11-01,2023-11,0.004628584812330391,parcial_lt_050,sin_observacion_viirs,conservar_nulos_y_excluir_solo_del_subconjunto_analitico
7721,LJ500_R176_C031,2023,12,2023-12-01,2023-12,0.004628584812330391,parcial_lt_050,sin_observacion_viirs,conservar_nulos_y_excluir_solo_del_subconjunto_analitico
7846,LJ500_R178_C074,2023,1,2023-01-01,2023-01,0.010920210770088104,parcial_lt_050,sin_observacion_viirs,conservar_nulos_y_excluir_solo_del_subconjunto_analitico
7846,LJ500_R178_C074,2023,2,2023-02-01,2023-02,0.010920210770088104,parcial_lt_050,sin_observacion_viirs,conservar_nulos_y_excluir_solo_del_subconjunto_analitico
7846,LJ500_R178_C074,2023,3,2023-03-01,2023-03,0.010920210770088104,parcial_lt_050,sin_observacion_viirs,conservar_nulos_y_excluir_solo_del_subconjunto_analitico
7846,LJ500_R178_C074,2023,4,2023-04-01,2023-04,0.010920210770088104,parcial_lt_050,sin_observacion_viirs,conservar_nulos_y_excluir_solo_del_subconjunto_analitico
7846,LJ500_R178_C074,2023,5,2023-05-01,2023-05,0.010920210770088104,parcial_lt_050,sin_observacion_viirs,conservar_nulos_y_excluir_solo_del_subconjunto_analitico
7846,LJ500_R178_C074,2023,6,2023-06-01,2023-06,0.010920210770088104,parcial_lt_050,sin_observacion_viirs,conservar_nulos_y_excluir_solo_del_subconjunto_analitico
7846,LJ500_R178_C074,2023,7,2023-07-01,2023-07,0.010920210770088104,parcial_lt_050,sin_observacion_viirs,conservar_nulos_y_excluir_solo_del_subconjunto_analitico
7846,LJ500_R178_C074,2023,8,2023-08-01,2023-08,0.010920210770088104,parcial_lt_050,sin_observacion_viirs,conservar_nulos_y_excluir_solo_del_subconjunto_analitico
7846,LJ500_R178_C074,2023,9,2023-09-01,2023-09,0.010920210770088104,parcial_lt_050,sin_observacion_viirs,conservar_nulos_y_excluir_solo_del_subconjunto_analitico
7846,LJ500_R178_C074,2023,10,2023-10-01,2023-10,0.010920210770088104,parcial_lt_050,sin_observacion_viirs,conservar_nulos_y_excluir_solo_del_subconjunto_analitico
7846,LJ500_R178_C074,2023,11,2023-11-01,2023-11,0.010920210770088104,parcial_lt_050,sin_observacion_viirs,conservar_nulos_y_excluir_solo_del_subconjunto_analitico
7846,LJ500_R178_C074,2023,12,2023-12-01,2023-12,0.010920210770088104,parcial_lt_050,sin_observacion_viirs,conservar_nulos_y_excluir_solo_del_subconjunto_analitico
7848,LJ500_R178_C076,2023,1,2023-01-01,2023-01,0.003564110318106444,parcial_lt_050,sin_observacion_viirs,conservar_nulos_y_excluir_solo_del_subconjunto_analitico
7848,LJ500_R178_C076,2023,2,2023-02-01,2023-02,0.003564110318106444,parcial_lt_050,sin_observacion_viirs,conservar_nulos_y_excluir_solo_del_subconjunto_analitico
7848,LJ500_R178_C076,2023,3,2023-03-01,2023-03,0.003564110318106444,parcial_lt_050,sin_observacion_viirs,conservar_nulos_y_excluir_solo_del_subconjunto_analitico
7848,LJ500_R178_C076,2023,4,2023-04-01,2023-04,0.003564110318106444,parcial_lt_050,sin_observacion_viirs,conservar_nulos_y_excluir_solo_del_subconjunto_analitico
7848,LJ500_R178_C076,2023,5,2023-05-01,2023-05,0.003564110318106444,parcial_lt_050,sin_observacion_viirs,conservar_nulos_y_excluir_solo_del_subconjunto_analitico
7848,LJ500_R178_C076,2023,6,2023-06-01,2023-06,0.003564110318106444,parcial_lt_050,sin_observacion_viirs,conservar_nulos_y_excluir_solo_del_subconjunto_analitico
7848,LJ500_R178_C076,2023,7,2023-07-01,2023-07,0.003564110318106444,parcial_lt_050,sin_observacion_viirs,conservar_nulos_y_excluir_solo_del_subconjunto_analitico
7848,LJ500_R178_C076,2023,8,2023-08-01,2023-08,0.003564110318106444,parcial_lt_050,sin_observacion_viirs,conservar_nulos_y_excluir_solo_del_subconjunto_analitico
7848,LJ500_R178_C076,2023,9,2023-09-01,2023-09,0.003564110318106444,parcial_lt_050,sin_observacion_viirs,conservar_nulos_y_excluir_solo_del_subconjunto_analitico
7848,LJ500_R178_C076,2023,10,2023-10-01,2023-10,0.003564110318106444,parcial_lt_050,sin_observacion_viirs,conservar_nulos_y_excluir_solo_del_subconjunto_analitico
7848,LJ500_R178_C076,2023,11,2023-11-01,2023-11,0.003564110318106444,parcial_lt_050,sin_observacion_viirs,conservar_nulos_y_excluir_solo_del_subconjunto_analitico
7848,LJ500_R178_C076,2023,12,2023-12-01,2023-12,0.003564110318106444,parcial_lt_050,sin_observacion_viirs,conservar_nulos_y_excluir_solo_del_subconjunto_analitico
7924,LJ500_R181_C046,2023,1,2023-01-01,2023-01,0.014170227050405331,parcial_lt_050,sin_observacion_viirs,conservar_nulos_y_excluir_solo_del_subconjunto_analitico
7924,LJ500_R181_C046,2023,2,2023-02-01,2023-02,0.014170227050405331,parcial_lt_050,sin_observacion_viirs,conservar_nulos_y_excluir_solo_del_subconjunto_analitico
7924,LJ500_R181_C046,2023,3,2023-03-01,2023-03,0.014170227050405331,parcial_lt_050,sin_observacion_viirs,conservar_nulos_y_excluir_solo_del_subconjunto_analitico
7924,LJ500_R181_C046,2023,4,2023-04-01,2023-04,0.014170227050405331,parcial_lt_050,sin_observacion_viirs,conservar_nulos_y_excluir_solo_del_subconjunto_analitico
7924,LJ500_R181_C046,2023,5,2023-05-01,2023-05,0.014170227050405331,parcial_lt_050,sin_observacion_viirs,conservar_nulos_y_excluir_solo_del_subconjunto_analitico
7924,LJ500_R181_C046,2023,6,2023-06-01,2023-06,0.014170227050405331,parcial_lt_050,sin_observacion_viirs,conservar_nulos_y_excluir_solo_del_subconjunto_analitico
7924,LJ500_R181_C046,2023,7,2023-07-01,2023-07,0.014170227050405331,parcial_lt_050,sin_observacion_viirs,conservar_nulos_y_excluir_solo_del_subconjunto_analitico
7924,LJ500_R181_C046,2023,8,2023-08-01,2023-08,0.014170227050405331,parcial_lt_050,sin_observacion_viirs,conservar_nulos_y_excluir_solo_del_subconjunto_analitico
7924,LJ500_R181_C046,2023,9,2023-09-01,2023-09,0.014170227050405331,parcial_lt_050,sin_observacion_viirs,conservar_nulos_y_excluir_solo_del_subconjunto_analitico
7924,LJ500_R181_C046,2023,10,2023-10-01,2023-10,0.014170227050405331,parcial_lt_050,sin_observacion_viirs,conservar_nulos_y_excluir_solo_del_subconjunto_analitico
7924,LJ500_R181_C046,2023,11,2023-11-01,2023-11,0.014170227050405331,parcial_lt_050,sin_observacion_viirs,conservar_nulos_y_excluir_solo_del_subconjunto_analitico
7924,LJ500_R181_C046,2023,12,2023-12-01,2023-12,0.014170227050405331,parcial_lt_050,sin_observacion_viirs,conservar_nulos_y_excluir_solo_del_subconjunto_analitico
7925,LJ500_R181_C047,2023,1,2023-01-01,2023-01,0.09254162470579666,parcial_lt_050,sin_observacion_viirs,conservar_nulos_y_excluir_solo_del_subconjunto_analitico
7925,LJ500_R181_C047,2023,2,2023-02-01,2023-02,0.09254162470579666,parcial_lt_050,sin_observacion_viirs,conservar_nulos_y_excluir_solo_del_subconjunto_analitico
7925,LJ500_R181_C047,2023,3,2023-03-01,2023-03,0.09254162470579666,parcial_lt_050,sin_observacion_viirs,conservar_nulos_y_excluir_solo_del_subconjunto_analitico
7925,LJ500_R181_C047,2023,4,2023-04-01,2023-04,0.09254162470579666,parcial_lt_050,sin_observacion_viirs,conservar_nulos_y_excluir_solo_del_subconjunto_analitico
7925,LJ500_R181_C047,2023,5,2023-05-01,2023-05,0.09254162470579666,parcial_lt_050,sin_observacion_viirs,conservar_nulos_y_excluir_solo_del_subconjunto_analitico
7925,LJ500_R181_C047,2023,6,2023-06-01,2023-06,0.09254162470579666,parcial_lt_050,sin_observacion_viirs,conservar_nulos_y_excluir_solo_del_subconjunto_analitico
7925,LJ500_R181_C047,2023,7,2023-07-01,2023-07,0.09254162470579666,parcial_lt_050,sin_observacion_viirs,conservar_nulos_y_excluir_solo_del_subconjunto_analitico
7925,LJ500_R181_C047,2023,8,2023-08-01,2023-08,0.09254162470579666,parcial_lt_050,sin_observacion_viirs,conservar_nulos_y_excluir_solo_del_subconjunto_analitico
7925,LJ500_R181_C047,2023,9,2023-09-01,2023-09,0.09254162470579666,parcial_lt_050,sin_observacion_viirs,conservar_nulos_y_excluir_solo_del_subconjunto_analitico
7925,LJ500_R181_C047,2023,10,2023-10-01,2023-10,0.09254162470579666,parcial_lt_050,sin_observacion_viirs,conservar_nulos_y_excluir_solo_del_subconjunto_analitico
7925,LJ500_R181_C047,2023,11,2023-11-01,2023-11,0.09254162470579666,parcial_lt_050,sin_observacion_viirs,conservar_nulos_y_excluir_solo_del_subconjunto_analitico
7925,LJ500_R181_C047,2023,12,2023-12-01,2023-12,0.09254162470579666,parcial_lt_050,sin_observacion_viirs,conservar_nulos_y_excluir_solo_del_subconjunto_analitico
7926,LJ500_R181_C048,2023,1,2023-01-01,2023-01,0.006164938958349517,parcial_lt_050,sin_observacion_viirs,conservar_nulos_y_excluir_solo_del_subconjunto_analitico
7926,LJ500_R181_C048,2023,2,2023-02-01,2023-02,0.006164938958349517,parcial_lt_050,sin_observacion_viirs,conservar_nulos_y_excluir_solo_del_subconjunto_analitico
7926,LJ500_R181_C048,2023,3,2023-03-01,2023-03,0.006164938958349517,parcial_lt_050,sin_observacion_viirs,conservar_nulos_y_excluir_solo_del_subconjunto_analitico
7926,LJ500_R181_C048,2023,4,2023-04-01,2023-04,0.006164938958349517,parcial_lt_050,sin_observacion_viirs,conservar_nulos_y_excluir_solo_del_subconjunto_analitico
7926,LJ500_R181_C048,2023,5,2023-05-01,2023-05,0.006164938958349517,parcial_lt_050,sin_observacion_viirs,conservar_nulos_y_excluir_solo_del_subconjunto_analitico
7926,LJ500_R181_C048,2023,6,2023-06-01,2023-06,0.006164938958349517,parcial_lt_050,sin_observacion_viirs,conservar_nulos_y_excluir_solo_del_subconjunto_analitico
7926,LJ500_R181_C048,2023,7,2023-07-01,2023-07,0.006164938958349517,parcial_lt_050,sin_observacion_viirs,conservar_nulos_y_excluir_solo_del_subconjunto_analitico
7926,LJ500_R181_C048,2023,8,2023-08-01,2023-08,0.006164938958349517,parcial_lt_050,sin_observacion_viirs,conservar_nulos_y_excluir_solo_del_subconjunto_analitico
7926,LJ500_R181_C048,2023,9,2023-09-01,2023-09,0.006164938958349517,parcial_lt_050,sin_observacion_viirs,conservar_nulos_y_excluir_solo_del_subconjunto_analitico
7926,LJ500_R181_C048,2023,10,2023-10-01,2023-10,0.006164938958349517,parcial_lt_050,sin_observacion_viirs,conservar_nulos_y_excluir_solo_del_subconjunto_analitico
7926,LJ500_R181_C048,2023,11,2023-11-01,2023-11,0.006164938958349517,parcial_lt_050,sin_observacion_viirs,conservar_nulos_y_excluir_solo_del_subconjunto_analitico
7926,LJ500_R181_C048,2023,12,2023-12-01,2023-12,0.006164938958349517,parcial_lt_050,sin_observacion_viirs,conservar_nulos_y_excluir_solo_del_subconjunto_analitico
7927,LJ500_R181_C055,2023,1,2023-01-01,2023-01,0.034878155980818296,parcial_lt_050,sin_observacion_viirs,conservar_nulos_y_excluir_solo_del_subconjunto_analitico
7927,LJ500_R181_C055,2023,2,2023-02-01,2023-02,0.034878155980818296,parcial_lt_050,sin_observacion_viirs,conservar_nulos_y_excluir_solo_del_subconjunto_analitico
7927,LJ500_R181_C055,2023,3,2023-03-01,2023-03,0.034878155980818296,parcial_lt_050,sin_observacion_viirs,conservar_nulos_y_excluir_solo_del_subconjunto_analitico
7927,LJ500_R181_C055,2023,4,2023-04-01,2023-04,0.034878155980818296,parcial_lt_050,sin_observacion_viirs,conservar_nulos_y_excluir_solo_del_subconjunto_analitico
7927,LJ500_R181_C055,2023,5,2023-05-01,2023-05,0.034878155980818296,parcial_lt_050,sin_observacion_viirs,conservar_nulos_y_excluir_solo_del_subconjunto_analitico
7927,LJ500_R181_C055,2023,6,2023-06-01,2023-06,0.034878155980818296,parcial_lt_050,sin_observacion_viirs,conservar_nulos_y_excluir_solo_del_subconjunto_analitico
7927,LJ500_R181_C055,2023,7,2023-07-01,2023-07,0.034878155980818296,parcial_lt_050,sin_observacion_viirs,conservar_nulos_y_excluir_solo_del_subconjunto_analitico
7927,LJ500_R181_C055,2023,8,2023-08-01,2023-08,0.034878155980818296,parcial_lt_050,sin_observacion_viirs,conservar_nulos_y_excluir_solo_del_subconjunto_analitico
7927,LJ500_R181_C055,2023,9,2023-09-01,2023-09,0.034878155980818296,parcial_lt_050,sin_observacion_viirs,conservar_nulos_y_excluir_solo_del_subconjunto_analitico
7927,LJ500_R181_C055,2023,10,2023-10-01,2023-10,0.034878155980818296,parcial_lt_050,sin_observacion_viirs,conservar_nulos_y_excluir_solo_del_subconjunto_analitico
7927,LJ500_R181_C055,2023,11,2023-11-01,2023-11,0.034878155980818296,parcial_lt_050,sin_observacion_viirs,conservar_nulos_y_excluir_solo_del_subconjunto_analitico
7927,LJ500_R181_C055,2023,12,2023-12-01,2023-12,0.034878155980818296,parcial_lt_050,sin_observacion_viirs,conservar_nulos_y_excluir_solo_del_subconjunto_analitico
7952,LJ500_R182_C056,2023,1,2023-01-01,2023-01,0.003209036532523321,parcial_lt_050,sin_observacion_viirs,conservar_nulos_y_excluir_solo_del_subconjunto_analitico
7952,LJ500_R182_C056,2023,2,2023-02-01,2023-02,0.003209036532523321,parcial_lt_050,sin_observacion_viirs,conservar_nulos_y_excluir_solo_del_subconjunto_analitico
7952,LJ500_R182_C056,2023,3,2023-03-01,2023-03,0.003209036532523321,parcial_lt_050,sin_observacion_viirs,conservar_nulos_y_excluir_solo_del_subconjunto_analitico
7952,LJ500_R182_C056,2023,4,2023-04-01,2023-04,0.003209036532523321,parcial_lt_050,sin_observacion_viirs,conservar_nulos_y_excluir_solo_del_subconjunto_analitico
7952,LJ500_R182_C056,2023,5,2023-05-01,2023-05,0.003209036532523321,parcial_lt_050,sin_observacion_viirs,conservar_nulos_y_excluir_solo_del_subconjunto_analitico
7952,LJ500_R182_C056,2023,6,2023-06-01,2023-06,0.003209036532523321,parcial_lt_050,sin_observacion_viirs,conservar_nulos_y_excluir_solo_del_subconjunto_analitico
7952,LJ500_R182_C056,2023,7,2023-07-01,2023-07,0.003209036532523321,parcial_lt_050,sin_observacion_viirs,conservar_nulos_y_excluir_solo_del_subconjunto_analitico
7952,LJ500_R182_C056,2023,8,2023-08-01,2023-08,0.003209036532523321,parcial_lt_050,sin_observacion_viirs,conservar_nulos_y_excluir_solo_del_subconjunto_analitico
7952,LJ500_R182_C056,2023,9,2023-09-01,2023-09,0.003209036532523321,parcial_lt_050,sin_observacion_viirs,conservar_nulos_y_excluir_solo_del_subconjunto_analitico
7952,LJ500_R182_C056,2023,10,2023-10-01,2023-10,0.003209036532523321,parcial_lt_050,sin_observacion_viirs,conservar_nulos_y_excluir_solo_del_subconjunto_analitico
7952,LJ500_R182_C056,2023,11,2023-11-01,2023-11,0.003209036532523321,parcial_lt_050,sin_observacion_viirs,conservar_nulos_y_excluir_solo_del_subconjunto_analitico
7952,LJ500_R182_C056,2023,12,2023-12-01,2023-12,0.003209036532523321,parcial_lt_050,sin_observacion_viirs,conservar_nulos_y_excluir_solo_del_subconjunto_analitico
7982,LJ500_R184_C039,2023,1,2023-01-01,2023-01,0.07416183071561554,parcial_lt_050,sin_observacion_viirs,conservar_nulos_y_excluir_solo_del_subconjunto_analitico
7982,LJ500_R184_C039,2023,2,2023-02-01,2023-02,0.07416183071561554,parcial_lt_050,sin_observacion_viirs,conservar_nulos_y_excluir_solo_del_subconjunto_analitico
7982,LJ500_R184_C039,2023,3,2023-03-01,2023-03,0.07416183071561554,parcial_lt_050,sin_observacion_viirs,conservar_nulos_y_excluir_solo_del_subconjunto_analitico
7982,LJ500_R184_C039,2023,4,2023-04-01,2023-04,0.07416183071561554,parcial_lt_050,sin_observacion_viirs,conservar_nulos_y_excluir_solo_del_subconjunto_analitico
7982,LJ500_R184_C039,2023,5,2023-05-01,2023-05,0.07416183071561554,parcial_lt_050,sin_observacion_viirs,conservar_nulos_y_excluir_solo_del_subconjunto_analitico
7982,LJ500_R184_C039,2023,6,2023-06-01,2023-06,0.07416183071561554,parcial_lt_050,sin_observacion_viirs,conservar_nulos_y_excluir_solo_del_subconjunto_analitico
7982,LJ500_R184_C039,2023,7,2023-07-01,2023-07,0.07416183071561554,parcial_lt_050,sin_observacion_viirs,conservar_nulos_y_excluir_solo_del_subconjunto_analitico
7982,LJ500_R184_C039,2023,8,2023-08-01,2023-08,0.07416183071561554,parcial_lt_050,sin_observacion_viirs,conservar_nulos_y_excluir_solo_del_subconjunto_analitico
7982,LJ500_R184_C039,2023,9,2023-09-01,2023-09,0.07416183071561554,parcial_lt_050,sin_observacion_viirs,conservar_nulos_y_excluir_solo_del_subconjunto_analitico
7982,LJ500_R184_C039,2023,10,2023-10-01,2023-10,0.07416183071561554,parcial_lt_050,sin_observacion_viirs,conservar_nulos_y_excluir_solo_del_subconjunto_analitico
7982,LJ500_R184_C039,2023,11,2023-11-01,2023-11,0.07416183071561554,parcial_lt_050,sin_observacion_viirs,conservar_nulos_y_excluir_solo_del_subconjunto_analitico
7982,LJ500_R184_C039,2023,12,2023-12-01,2023-12,0.07416183071561554,parcial_lt_050,sin_observacion_viirs,conservar_nulos_y_excluir_solo_del_subconjunto_analitico
